image,prompt
3032564890340417335.mp4,group people swimming pool whale skeleton dolphins jumping flying whale sky whales flying whales dolphins swimming flying elephant dolphin swimming volumetric ray tracing thai architecture floating objects whale carcass butterfly stroke whales pterosaurs flying wellness pool 3 6 0 picture glimmering whale
3389118219217042390_3389118204243445729.jpg,table plates food drinks food focus trendy food island made food gastronomica magazine dish table gastronomy magazine seafood preserved ice food stylist epicurious cuisine delicious food food blog tacos food craft adventure offering plate food
2867066929241792578.jpg,baby sea turtles plastic bag sea turtles turtles turtles way down cartoon turtles aged turtle battle turtles teeming life cute decapodiformes swirling schools silver fish marine animal colorful ninja turtles tropical sea creatures covered tar turtle litter black tar particles
3197641477865479650_3197641472303695571.jpg,logo event sun background solar eclipse total eclipse solar eclipse sky eclipse dark solar eclipse promotional poster official screenshot netfilx n 9 black sun purple eclipse nuclear blast moon eclipse official poster promotional image advert logo total lunar eclipse pv eternal eclipse
3323119485732130773.jpg,plate food shrimp onions seafood preserved ice shrimp island made food delicious food garnishment food focus plate trendy food langoliers crustacean head peruvian prawn local foods food blog served plate food photo shrimps ground
3341972767185645172.mp4,white bowl filled food aspic plate dish table professional food photography culinary art photography served plate award winning food photo gastronomica magazine food photography award winning food photography edible flowers raw pork plating 4k food photography 4 k food photography styled food photography
2840406237762651679.jpg,view beach city puerto tropical coastal city mexico shows beach sunset long beach background downtown mexico sun coast coast background breath taking beautiful beach soft sanded coastlines salvador travel guide render corona view ocean beach background paradise background beautiful beach
2982452204885594609.jpg,person jumping air drink travel ad city armenia quindio ad image vibrant tourism poster rural canva canva travel guide colombia ruanjia coban contest lorem ipsum dolor sit amet hosada tourism marketing photo golondrinas
2853242534311722382_2853242529395906462.jpg,woman wearing green plea skirt black leather jacket midi skirt high waist black skirt style julia razumova white shirt green skirt long skirt teal skirt black trousers layered skirts fashion magazine style leather pants belt pleated skirt leather pants modern fashion outfit olive green slacks
3110603263828191049.mp4,band playing beach words bal land inspired jorge velarde salsa social dance inspired ignacio bazan lazcano people dancing background salsa dancing trending artsation cover congas holding maracas real congas youtube thumbnail mexican folklore inspired manuel ortiz de zarate
3221009881808013064.mp4,visit venos city san vibrante colors vivide colors vista vargas vivic colors milton menasco vibrant colors americana vibrant tourism poster vtmb miltos manetas vallejo pv inspired miltos manetas vibrant h 704 morearea
3029575572351979540_3029575566219947792.jpg,street buildings red door downtown mexico guanajuato tlaquepaque colonial era street city rich history juan villafuerte mexico puerto rico colonial house background photograph city street rodolfo escalera storefronts city street view background
3130151939128372184.jpg,view ocean balcony old town san window sea window rio de janeiro view lookout tower taormina amphitheatre looking sea naples gulf naples ocean cliff view overlooking ocean cinq terre watch tower mediterranean architecture aquamarine windows
3230238333501992605_3230238322311816998.jpg,sunset town st lucia saint lucia island mattise travel ad cinematica sunset panorama horizont instagram contest winner mexico mattepainting sunset view colorful sunset sunset background postcard beautiful mattepainting colorful sunset
3306242488699596937_3306242480134836154.jpg,kayaker floating water small canoes 3 boat river drone photography aerial shot drone 4k drone photography drone photograph color aerial photo drone green waters shot drone drone photo boats water drone camera angle drone shot overhead photography two hovering twin nuns
2875036463617570682.jpg,sun sets rocks coast golden hour pismo california large twin sunset sun sunset two suns sky sunset kanagawa prefecture two suns sky shows beach sunset sun back sun horizon golden sunset brilliant sunset summer sunset gigantic sun
3226600418297278283.jpg,view city puerto night tropical coastal city scenic view night puerto rico salvador aerial photo night vision long beach background vibrant city lights dakar city night night view night sea sea seen behind city city lights horizon caribbean photo taken ektachrome colombia
3049119611271555297.jpg,wine cellar barrels barrels background wooden crates barrels mirror glass surfaces transparency glass reflections copper inside glass box barrels cellar vertical orientation glass reflections looking frosted glass inside glass box reflections glass table reflective surfaces photographic still backrooms lots reflective surfaces
3126571556897852258.jpg,plate food meat vegetables tentacles wrapped around burgers dripping bbq sauce kevin bacon made bacon fish squid jellyfish barbecue octopus tentacles tacos seafood preserved ice serving rack ribs onion man pork meat burger plate hamburger mix jellyfish kebab food styling
2875799714588563876.jpg,woman pink bikini floating ocean infinity concentric pool dream pool green oozing pool pit infinity pool floating ocean small wellness relaxation pool rectangular pool wellness pool floating ocean tropical pool pool inside giant palace next tropical pool pools sit edge swimming pool
2849655006850237884.jpg,interior church columns chandel blessed aisles pacita abad mitre white marble interior photograph white church background arched ceiling portlet photo cam de leon pillars arches inside tomb jesus high arched ceiling vaulted ceiling inside cathedral baroque architecture
2885152885706404011_2885152881847609841.jpg,people sitting tables shade tree tlaquepaque downtown mexico guanajuato sidewalk cafe outdoors mesa setting un restaurant avec une terrasse bustling people breakfast las pozas patio vivide colors vibrant atmosphere photo taken ektachrome getting tacos drink
3134574924166450293.jpg,street palm trees buildings dusk colonial era street tlaquepaque downtown mexico city street dusk city santa barbara streets salvador photograph city street palermo city street dusk city street purple lighted street mexico puerto rico street night town center background
3170308660546719306.mp4,woman sitting couch next window tanned ameera al taweel looks like ebru sahin maya ali sorceress loba andrade apex legends maya ali wind sorcerer maya ali mage photo slim girl inspired maud naftel inspired florence engelbach
2908417542063740356_2908417537802363560.jpg,clock tower clock top tlaquepaque religion portal las pozas orange roof orange blue colors strong blue orange colors cuban setting guanajuato bells rodolfo escalera clock tower spires vibrante colors pagoda lot wind chimes
3058478188976837424.jpg,woman yoga beach sunset elegant floating pose starfish pose anjali mudra standing athletic pose centered full body pose yoga meditation pose yoga pose sexy pudica pose gesture lotus pose marjaryasana bitilasana meditative sacral pose pointe pose serpentine pose gesture
3114493105499478382.mp4,city red white text reads la puerto rico octan guanajuato 8k octan advertising photo puerto rican super hero website banner fibanci background mapbox white buildings red roofs urban city background city graffiti background canva trending unsplash
3044011336322904806.jpg,bride groom dancing beach professional wedding photography wedding photo bride groom dancing tropical beach darren quach beautiful wedding dress ocean background akt photography hands pressed together bow palm trees background man grabbing womans waist trending unsplash bao pham featured unsplash
2843914428330239891.jpg,view ocean plane miltos manetas window sea rock sea artemixel inspired miltos manetas canva inspired santiago martinez delgado center focus canva vale encantado tourism photography centered horizon
3017214251631304123.jpg,pink whale floating water pink white turquoise dolphin dolphin swimming pastel pink skin tone heaven pink made cotton candy seapunk pink pastel floats underwater sea pink colors nice pastel colors pastel pink ariana grande mermaid whale soft pink colors marine animal glimmering whale
3298281636214182285.jpg,aerial view island sao brazil flying rocky island changquan rio de janeiro island made caviar island blue sea flying island island aerial view mountain rock sea island cave island floating air flying island sky rocky coast
2882360296980611554.jpg,person putting sauce plate tacos 4k polymer clay food photography food styling taco styled food photography amazing food photography high quality food photography close food photography professional food photography culinary art photography super realistic food picture mushrooms peyote base restaurant menu photo 4k food photography
2840208888563396770.jpg,table plates food drinks tacos dish table styled food photography professional food photography culinary art photography 4k food photography 4 k food photography hd food photography award winning food photography food styling close food photography amazing food photography island made food taco
3033783929702313261_3033783926212688313.jpg,rock words conta alviata it pittura metafisica canva inspired giorgio giulio clovio vito d ancona giorgio cavallon enzo cucchi inspired mario sironi inspired giuseppe avanzi fede galizia anita malfatti
3045624953728106054.jpg,large bowl cereal sitting top table golden cup flexiseal contest rendering beauty pageant q posket paintball world cup next cup round format swimming pool coffee celebration coffee products hedonic treadmill magic frozen ice phoenix egg gonzalez epic 3 oxaguian
3334018746684825811_3334018734185834703.jpg,view beach balcony dakar downtown mexico salvador streets salvador road sea long beach background summer street near beach ocean view view ocean mexico tropical coastal city cam de leon paved roads ocean background city street view background sun coast race track background
3104139594656202810.mp4,couple swimming pool resort infinity pool mirrors infinity pool wellness pool poolrooms infinity concentric pool gofl course swimming dream pool inspired eric zener smooth eric zener cam de leon swimming pool eric zener cam de leon estate agent listing photo butterfly stroke eric zener
3008491520801581959.mp4,city night view ocean tropical coastal city puerto rico salvador taiwan downtown mexico mexico guanajuato scenic view night manila rio de janeiro thailand rio de janeiro favela city sunset night japan shonan enoshima opulent favela environment okinawa japan
2840389892393494492.jpg,water slide top water slide leandro erlich inspired leandro erlich pritzker architecture prize giant athanor infinity pool mirrors glass metal peugot onyx waterwheels photorealistic raytracing water wheel rebecca horn tokujin yoshioka tadao ando
3165740251440204207_3165740239846983314.jpg,city lit night lights water salvador tropical coastal city mexico reunion island guanajuato puerto rico dakar moroccan city downtown mexico scenic view night photo taken ektachrome taiwan japan shonan enoshima city santa barbara okinawa japan south african coast
2873629258216233078.jpg,person walking beach sunset golden hour pismo california santa monica beach sunset beach relaxing beach sunset sunset beach summer sunset beach sunset background dave arredondo sunset south southern california sunset background sunset beach shows beach sunset
3230238333501992605_3230238322110439289.jpg,view city body water taken 1960s kodak camera film screenshot taken 1970s kodak camera photo taken ektachrome sea seen behind city gigapixel photo window rio de janeiro view damaged photo matte painting image artifacts
3033184180662709574.mp4,table plates food drinks breakfast las pozas getting tacos drink trendy food ingredients table food styling meze audio food focus food stylist table full food dining table offering plate food iced tea glass un restaurant avec une terrasse eating outside chilaquiles
3031598835848375823_3031598830035102408.jpg,logo mexico rio rio rio imet2020 2021 2 0 2 1 2 0 2 2 2022 2 0 2 3 2023 procreate 2 0 2 2 2030s
2914916496137987180.jpg,sunset view ocean street light golden hour pismo california sunset ligthing lamp posts city santa barbara lampposts street lamps orange light spectacular sunset california coast orange lit sky dusk lighting southern california beautiful spectacular dusk california street lamps beautiful sunset lighting
3389118219217042390_3389118204293856663.jpg,large white cloud sunny sky background vibrant blue sky background colorful flat surreal azure color bleed website banner clear summer sky background blue sky colorful clouds city background silhouette sky background strong blue orange colors sky ocean background window rio de janeiro view travel ad dynamic colorful background
2840265868594263411_2840265864081298642.jpg,woman orange bikini top black shorts sitting boat shaquille o neil pregnant aaron sims pregnant tabloid photo tyler miles lockett pregnancy third trimester pregnant belly jayson tatum mother mary ryan kiera armstrong amber chaos pregnant female cyborg alena bluth maternity feeling
3389118219217042390_3389118204679712950.jpg,two people riding bikes road near ocean milton menasco nikkon travel ad vallejo mulato manolo millares mattell jose malhoa cam de leon miami beach ilm canva mattise inspired jose malhoa riding road matteo perez
2840265868594263411_2840265863980433964.jpg,eclipse eclipse eclipse total eclipse eclipse solar eclipse black sun purple eclipse eclipse dark solar eclipse total lunar eclipse crepuscular mayan solar eclipse sky vtm black sun pv vale encantado
3113503767878396069.jpg,plate piece salmon avoca salmon khoshroo salmon trendy food avacado dream served plate lemon skin texture dish table food focus avocado cheddar gastronomy magazine wooden plate professional food photography epicurious plate styled food photography
3318032802351337252_3318032788166158917.jpg,blue triangle hill overlooking ocean blue sky background vibrant blue sky background sky ocean background sunny sky background azure color bleed clear summer sky background azure sky tones travel ad photodirector 365 photodirector 3 6 5 4k photo gigapixel azure ocean sky blue white color scheme
3165740251440204207_3165740240325123781.jpg,car parked side road downtown mexico colorful architecture colorful houses colorful buildings vibrant colors americana brightly colored buildings mexico colorful city lush colorful eclipse colorful photograph south beach colors color highway scenic colorful environment colorful vibrant bright saturated colors colorful scene vibrant vivid color colorful ideas
3044628370265423482.jpg,woman floating water pink inflatable still riverdale floating ocean floating alone floathing underwater lake follows 7 floating water top down shot floating away ariel view stands pool water floating ocean still frame movie shot movie
3031600427251253956.jpg,church san francisco mexico guanajuato mexico tlaquepaque dry archways spires downtown mexico cathedral sun sacred architecture cathedral background religion black domes spires mexico city cathedral ancient catedral behind her church cathedral asymmetrical spires
2840209364398773066.jpg,city night cars driving along beach tropical coastal city shows beach sunset dakar salvador downtown mexico mexico photo taken ektachrome coast background juan villafuerte sea seen behind city sunset view twilight city background sunset panorama paradise background
2872863857607022212.jpg,page spanish book picture planet black sun purple eclipse total eclipse textbook pages total lunar eclipse eclipse biology textbook page solar eclipse umbra eclipse spanish dark solar eclipse claroscuro red lunar eclipse solar eclipse sky lunar cycles white eclipse
3230238333501992605_3230238322093470819.jpg,view beach pier boat image split half pch beach surreal photography beautiful panoramic imagery surreal collage crowded beach extreme panoramic databending unexpected glitch art shows beach sunset pixel sorting glitch art pixel sorting video glitch mutiversal tsunami
3246446142970285964.mp4,man red life jacket sunglasses riding blue jet sea doo gtx scuba diving photo middle ocean top boat racing simulator maldives background middle ocean ocean water middle ocean max verstappen sea wearing dark maritime clothing
3338323479957918734.jpg,man standing next white car downtown mexico mexico south beach colors travel ad vibrant tourism poster tourist green pickup car tropical coastal city travel adventure high color saturation kombi vibrant setting scenic colorful environment colorful photo vibrant composition color tropicalism tropical color scheme instagram contest winner tourism
2880122059105075903.jpg,beach rocks water shore puerto rico australian beach island blue sea beautiful beach breath taking beautiful beach beach background hdr photograph hawaii beach sand sea serene beach setting tropical beach beach outer rim beach setting island background hdr on beach landscape tone mapped
2840209555533132126.jpg,view top mountain distance sea island cinq terre inspired wan capri coast hills ocean location favela green sea guanyin southern seas inspired robert macaulay stevenson hashima island like jiufen southern european scenery
2922180753598648560.jpg,beach people walking church background moroccan city morocco moroccan mosque costa blanca kingslanding marrakech mediterranean architecture white buildings red roofs sand colored walls oman marbella mediterranean city whitewashed buildings mediterranean fisher village mediterranean island scenery shows beach sunset coast background
2908417542063740356_2908417537802326532.jpg,bride groom sharing first dance wedding white transparent veil simple white veil professional wedding photography hands pressed together bow wedding photo bride groom celebrating illegal marriage ceremony lace veil beautiful wedding dress wearing translucent veils glittery wedding jeweled veil apocalypse wedding perfect moment dancing
2933046528630810409.jpg,que har en matan travel ad myazaki vibrant tourism poster inspired manuel ortiz de zarate guanajuato tourism 8k octan advertising photo inspired alonso vazquez mexico octan manuel ortiz de zarate cinematica shows beach sunset
2840265868594263411_2840265863972132244.jpg,woman bikini standing beach sunset dancing beach beach sunset background sunset beach beach sunset dancing tropical beach breath taking beautiful beach beautiful sunset beach sunset relaxing beach sunset spectacular sunset
3328127964401862396_3328127953597227924.jpg,woman walking yellow alley cartagena cartagena colombia downtown mexico bright saturated colors yellow awning tlaquepaque vibrant chromatic colors saturated colors breakfast las pozas streets salvador trichromatic colors warm saturated colors passages reflective global illumination chromatic color empress swirling gardens
3318032802351337252_3318032788015182876.jpg,wedding reception beach house mexico hundreds chairs tables tables chairs chairs tables white table glamorous setting overflowing feast buffet table containing tables walls luxurious wedding place setting outdoors mesa setting brown white color scheme wooden tables long table ornate dining hall professional wedding photography featured unsplash
2867851323380350866.jpg,woman hat sitting beach wearing wide sunhat wearing travel hat woman hat white straw flat brimmed hat woman beach black sun hat girl looking ocean waves relaxing beach wearing sunglasses hat brown hat wearing straw hat wearing sunglasses cap hat covering eyes
3128864636607055997.jpg,yellow building red wagon front it canva travel guide canva inspired manuel ortiz de zarate lovecraft country houzz inspired juan gimenez tourism postcard caza lorem ipsum dolor sit amet inspired gonzalo endara crow milton menasco travel
2892601975640481023.mp4,young man red jersey kicking soccer ball afro curly afro big afro alegria giant afro afroamerican brazilian ronaldo magali black man afro hair inspired hugo sanchez bonilla afro vale encantado afro hair foto realista diego 5 atiba jefferson rafael
2857762174449221544.mp4,red sign hill overlooking city shot anamorphic lenses sunny sky background clear summer sky background clear sky background website banner anamorphic lens flares 4k sky background unsplash transparent 3d parallax view effect 4k panoramic red background photorealistic anamorphic lens flares
2878894150058749810.jpg,person pouring drink glass shot bartending award winning shot holding shot glass whiskey midium shot award winning shot large shot standing cantina breakfast las pozas pouring techniques liquid interface cocktail bar clear liquid three quarter shot
3161616310001768703_3161605501195803055.mp4,marina boats docked sunset peaceful evening harbor harbor docked harbor long beach background city santa barbara dave arredondo spectacular sunset beautiful spectacular dusk ships harbor city docks port scene background stunning sunset large twin sunset inspired ralph burke tyree harbour beautiful sunset
3303418973852051814.jpg,oysters plate lime lime oysters pearls oyesters lemon skin texture real pearls pearls shells luscious sesame seeds pearlescent skin selective breeding black pearls served plate formless brests seafood preserved ice nacre restaurant menu photo pearlized long white
3074474469192670887.jpg,two bowls filled shrimp vegetables seafood preserved ice fish seafood markets hd food photography culinary art photography realistic photo delicious pho styled food photography fish squid jellyfish professional food photography amazing food photography fish eye food art large fish eyes award winning food photography 4 k food photography
3033783929702313261_3033783925969318284.jpg,restaurant table chairs thatched roof restaurant exterior photography un restaurant avec une terrasse breakfast las pozas busy restaurant restaurant interior photography restaurant outdoors mesa setting pub comfortable atmosphere wooden tables getting tacos drink tavern tavern background restaurant background bar medieval tavern las pozas
3230238333501992605_3230238321883924970.jpg,bridge ocean blue sky background far sky bridge foto realista iso 250 skybridges canva farol da barra fata morgana giant mirrors sky bridges travel ad observation deck ponte 2 5 de abril canva puerto rico high bridges vargas
2899896059972252913.jpg,pink dolphin swimming water dolphin seapunk pink white turquoise dolphin swimming pastel pink skin tone dolphins swimming beach aesthetic dolphins pink colors floats underwater sea kawaii aesthetic made cotton candy heaven pink covered pink marzipan vaporwave surreal ocean whale vaporwave ocean
3174412349116931181.jpg,sunset view top hill rio de janeiro shows beach sunset colorful sunset colours sunset colorful sky sunrise colors colours sunset sunset colors colourful sky spectacular sunset colorful skies colorfull sky beautiful sunset vibrant sunset beautiful spectacular dusk
3033783929702313261_3033783925969473231.jpg,sunset view beach buildings puerto mexico photo taken ektachrome tropical coastal city paradise background downtown mexico guanajuato shows beach sunset 4 k hdr 3 5 mm photography 4k photo gigapixel shot kodachrome beautiful art uhd 4 k
3040383170164720163.jpg,plate shrimp shrimp sked wooden table island made food amazing food photography styled food photography food art hd food photography 4k food photography 4 k food photography bowl filled food seafood preserved ice culinary art photography food styling amazing food illustration shrimp
3048371958039161297.mp4,beach houses buildings shore long beach background santa monica beach coast background tropical coastal city beach background karachi skyline background waikiki beach skyline photograph san francisco ocean background shows beach sunset ocean background setting sea background dakar wild ocean background paradise background
3010065856775777400.mp4,beach hotel resort background dakar shows beach sunset coast background south african coast hills ocean moroccan city mountains ocean beach foreground sun coast tropical coastal city costa blanca morocco island background coastline view ocean australian beach chile
3230238333501992605_3230238322202664207.jpg,person floating pool surfboard shot drone drone photograph aerial shot drone hd aerial photography drone camera angle color aerial photo drone aerial photography drone shot dji top view miniature photography pink axolotl bucket rock pools floating ocean
2886000576632137805_2886000571162751213.jpg,sunset ocean clouds waves colorful sky colorful sunset vibrant sunset colorful skies spectacular sunset colorful clouds stunning sunset colourful sky vibrant sunrise sky ocean background beach sunset background orange blue sky gorgeous romantic sunset sunset colors brilliant sunset colorful night sky sunrise colors
2840209260598068839.jpg,beach houses hillside guanajuato brightly colored buildings colorful architecture orange backgorund decollage 4 k mexico city santa barbara los angelos wes anderson background orange roof colorful flat surreal long beach background downtown mexico haphazardly layered scenes chihuahua stacked buildings
2885152885706404011_2885152881939885668.jpg,plate piece cake drink food focus eating cakes food blog rocky roads cake cafe tables milk bar magazine cakes food blog photo dessert trendy food sitting mocha colored table flatlay browny melbourne plate canva delicious food canva
3288908173304433246.jpg,world travel awards logo city skyline background marbella award winning awardwinning global awarded award wining award winning contest award winner winning awards manuel ortiz de zarate award award winner spain award winning vicente juan masip award winning image
2869975898109150372.jpg,large whale two small dolphins display lobby floating translucent graphics school fish merging crocodile head glowforge template school fishes plesiosaur gaping gills baleen lostfish whale fall projection design installation 3d lighting neon electronic signs vollumetric lighting schools fish
2888198246310170368.jpg,three birds flying sky ocean birds sky birds flight flying formation black crows flying birds flying away birds flying birds sky birds flying distance flying birds fictitious birds flying sunlight mystical birds sky whales
3306242488699596937_3306242480369681747.jpg,octopus lemon parise octopus tentacles octopus half octopus octopus wrestling sphere octopus silhouette depth chefs inside cthulhu anthropomorphic octopus amazing food photography award winning food photography tentacled creature mix served plate seafood preserved ice award winning food photo cephalopod
2842717994538533453.mp4,statue middle beach statue fountain salvador colossus rhodes barcelona lady elche japan shonan enoshima hdr photography george wyllie cherryl fountain iron giant sunset farol da barra hdr colors break dawn neptun hdr photograph
3129546431651496676.mp4,man standing cliff bridge ocean stairs hell heaven impossible stairs outdoor staircase stairway heaven victor enrich leandro erlich penrose stairs erik johansson style large staircase photoreal epic composition stairway built around ocean mc escher architecture petra collins mc escher
3029575572351979540_3029575566236699199.jpg,city night red sky puerto rico city santa barbara downtown mexico tropical coastal city city sunset night sunset panorama shows beach sunset sunset view mexico long beach background beautiful spectacular dusk sunset south waikiki beach skyline spectacular sunset vibrant city lights moroccan city
2906498895051858658.mp4,city red circle words tps para dispe canva consectetur adipiscing elit lorem ipsum dolor sit amet travel guide best practices portlet photo pudenda pixv canva suntur splento centerede emulador
2915837712960241406.mp4,plate plate food words dista la castona gastronomica magazine gastronomy magazine inspired manuel ortiz de zarate food focus chilaquiles food blog carpoforo tencalla inspired ignacio bazan lazcano canva trendy food
3334018746684825811_3334018735418989509.jpg,woman wearing hat sunglasses standing front cactus white straw flat brimmed hat wearing wide sunhat light brown trenchcoat wearing desert poncho trendy white clothing white shorts hiking boots white tunic brown white color scheme beige fedora white hat wearing white robe wearing white clothes fashion outfit
3364919049403631891.jpg,small boat water sunset islands horizon colorful sunset tropical coastal city island background vibrant sunset colorful sunset pastel colored sunrise turquoise horizon sunset colors mexico sunset view long beach background photo taken ektachrome gulf naples
2854710289448480011.jpg,woman carnival costume feathers canva canva carneval carnaval de barranquilla vivic colors vivide colors vibrante colors carnival inspired manuel ortiz de zarate carnival background carnival mask masqua brazil carnival chaumet style chaumet
2907037815275799830.jpg,man standing edge glass walkway jesus walking water t pose male magic wizard standing cloud posing waikiki flowy hair standing rock mars vacation photo leandro erlich photo middle ocean towering view t pose pose pose
2928798217496142894.jpg,view beach city helicopter puerto rico tropical coastal city view helicopter drone view aerial photography hd aerial photography color aerial photo drone aerial shot drone long beach background drone photography shot drone aerial footage drone photo flying ocean helicopter view
2868514796330539292.jpg,man standing railing looking ocean photo style shawn paul tan 3 6 0 picture 360 degree view low angle go pro view google point view shot gopro9 beautiful panoramic imagery wide angle full body 3d parallax view effect gopro shot darren quach
2908417542063740356_2908417537802408467.jpg,beach bunch turtles it sea turtles turtles ocean sprites footprints sand footprints teeming life coming ocean trailing horizon turtles way down sea butterflies hundreds them coming ashore rising ocean world bearing turtle
2942575303637400115.jpg,beach palm trees white building sand colored walls beachfront stucco walls beach bar white wall complex beachfront environment seashell house views ocean beach setting beach tropical vegetation puerto rico resort house background overlooking beach splash house ocean view near beach
2893950770181807302.jpg,man standing top mountain looking city travel adventure wanderer mountain city santa barbara overlooking ocean new zeeland expectation adventure high point view views ocean south african coast ocean cliff view looking ocean entire city view looking city
2896084664210636577_2896084659127018869.jpg,new stadium hollywood hills soccer stadium stadium softair arena landscape art deco stadium stadium setting stadium landscape sportspalast amphitheatre bird eye view bird s eye view drone view dezeen bird s eye view drone camera angle
3104946343345332653.jpg,woman walking street town cartage colorful houses colorful buildings colorful architecture guanajuato brightly colored buildings colorful mural walls colors jamaica downtown mexico puerto rico colorful backdrop vivide colors mexico colorful city colorful scene colorful tiled architecture colorful house full colorful vegetation
2854038786895319738.mp4,man jumping pool boat background leandro erlich inspired leandro erlich image split half olympic diving springoard splash house giant whale tank legs beautiful panoramic imagery 3 6 0 picture resort floating vehicles titanic tank legs professional photoshop artwork wellness pool
3023890223737655523.mp4,woman sitting table bucket full food beach bar sun coast background bar miami beach bar background bar beer advertisement bar background cold beer drinking beer laughing beach party beers table restaurant background coast background cocktail bar beach setting paradise background
3389118219217042390_3389118204855887660.jpg,view top mountain mountain looking ocean japan shonan enoshima location favela ocean cliff view favelas rio window rio de janeiro view location favela wall blue clear sky kingslanding blue clear sky hills ocean light blue sky
3020156506325993364.mp4,beach people sun setting shows beach sunset long beach background tel aviv street israel sunset beach beach sunset relaxing beach sunset beautiful beach beach sunset background tropical coastal city breath taking beautiful beach beach sunset
3044015048951411462.mp4,bridge ocean far farol da barra extreme far view far future far distance photo far far away train far miltos manetas te pae observation deck sfumato surealism bizarrrrre inspired miltos manetas
2886675880304277972.jpg,woman standing white wall overlooking ocean organic architecture seashell house surreal architecture ocean cliff view girl looking ocean waves ribbon chapel curvilinear architecture built around ocean ocean view overlooking ocean shot anamorphic lenses james turrell looking sea white minimalist architecture
2917919351680273112.jpg,group people sitting rock near ocean japan shonan enoshima sunset kanagawa prefecture colossus rhodes sastle rock colossus rhodes sunset beautiful sunset rimlight beautiful sunset sunset flying rocky island girl watching sunset ring sky girl dancing cliff
2857213457219150969.jpg,baby turtle crawling beach sea turtles turtles world bearing turtle wildlife preservation aged turtle mock turtle turtles way down turtle egypt footprints sand sunbathing beach half turtle thousands tiny onlookers teeming life turtle pacific northwest coast
2845547830286018459.mp4,cover book great outdoors frederic church vasily perov vereshchagin painting landscape large mountains back matte oil painting classical landscape painting albert bierstadt greg rutkowski santiago rusinol ivan aivazovsky style ivan aivazovsky
2872192801581982868.jpg,large ice sculpture inside building sink fish tank huge glass tank mat collishaw lamp fish tank urs fischer leandro erlich jeff koons chinese artist cai guo qiang water deep sea laboratory biopods aquarium
3083026296687121209.jpg,rock bridge ocean background stairway heaven manuel ortiz de zarate miltos manetas inspired manuel ortiz de zarate michal karcz cd cover artwork epic music album cover 1 1 album artwork horizont deviantarz
3029575572351979540_3029575566211429033.jpg,girl sitting edge cliff overlooking ocean girl looking ocean waves looking sea views ocean view ocean ocean view overlooking ocean looking ocean stand sea behind looking ocean panoramic centered view girl panoramic view girl
2874345966227867490.mp4,city skyline mumbai india long beach background tropical coastal city miami beach sea seen behind city rostov city shows beach sunset distinct horizon miami sun coast naples horizon view view ocean centered horizon coastline colombo sri lanka cityscape beautiful cityscape view helicopter
3230238333501992605_3230238322580166534.jpg,beach birds flying it birds sky birds flying away waikiki beach skyline flying birds shows beach sunset blue sky sunset birds flying birds sky sky background dusk sky flying birds distance seagulls sunset sky flying birds distance birds flight colorful sky
3153382340844099004.mp4,rainbow flag painted beach extraordinary colorful landscape rainbow road mexico okuda sam miguel rainbow trail guanajuato colorful heavenly colorful detailed projections colorful flat surreal colorful backdrop colorful scene rainbow stripe backdrop colorful photo japan shonan enoshima mayan downtown mexico beautiful colorful colorful photograph
2885152885706404011_2885152881805811189.jpg,man holding surfboard beach surf standing surfboards surf photography surfing going forward sunset sunset background sunset ronen bekerman sunset beach beach sunset sunset paradise background sunset time sunset
2851996498406056178.jpg,wedding ceremony beach resort glamorous setting ceremony ornate backdrop ornate intricate backdrop gazebos chairs outdoors mesa setting hundreds chairs tables professional wedding photography vijay jayant props akt photography beautiful setting perfect location lighting beach setting steel archways golden hour pismo california
3230238333501992605_3230238321766365459.jpg,street old town cartage colonial era street tlaquepaque downtown mexico guanajuato puerto rico photograph city street whitewashed buildings detailed street storefronts city rich history streets salvador mexico baroque winding cobbled streets cobblestone streets
2989618741660379349.jpg,woman yoga beach standing athletic pose starfish pose meditative sacral pose leggins model standing pose yoga pose standing pose perfect female body silhouette slender figure toned derriere beautiful female body silhouette tendu pose hands behind body pose sexy pudica pose gesture fitness armfold pose
3103510100467871462.jpg,water slide pool resort infinity pool mirrors huge glass tank inspired leandro erlich luxury architecture molten metal house beachwood treehouse leandro erlich footbridges houses opulent favela environment high end onsen built around ocean giant athanor style norman foster
3135965654138152970.jpg,bowl cereal golden cup golden chalice render corona copper cup coronarender golden apple holding large glass beer chozo octoberfest csp next cup vale encantado drinking cocktail table front cup rendering beauty pageant 2021
2840209102691011620.jpg,man shorts standing hill overlooking ocean tan skin tee shirt shorts mars vacation photo south east asian long hawaii rocky hills beautiful panoramic imagery jason momoa standing cliff point break inspired robert macaulay stevenson kauai bian luan polynesian god
3197641477865479650_3197641472312195717.jpg,flag flying air body water mexico inspired manuel ortiz de zarate inspired fitz hugh lane inspired robert macaulay stevenson may de montravel edwardes flags flag manolo millares cinematica inspired francisco zuniga inspired francisco de holanda
3004091955727267156.jpg,sunset beach sun setting sky beach sunset background sunset beach shows beach sunset relaxing beach sunset sunset beach beach sunset golden hour pismo california hawaii beach beach sunset
3241779983311086085.jpg,woman holding bird hand tropicalism instagram digital ad image tropical birds city armenia quindio breakfast las pozas canva magical botanic tropicalism instagram hd travel ad trending pinterest maximalist parrot shoulder canva flamingo cafe bar background
2886000576632137805_2886000571246650863.jpg,concrete staircase leading building outdoor staircase stairway stairs hell heaven stairway heaven impossible stairs penrose stairs large staircase stairs staircase ricardo bofill steps leading down 1 staircase david chipperfield stairways long winding stairs going down wooden stairs alvaro siza staircases
3140389369521278292.jpg,woman sitting bench looking ocean horizon view horizon centered centered horizon window sea horizon line focus sunset view vista view ocean view looking pink ocean horizont zenith view views ocean looking sea looking sunset
3389118219217042390_3389118203975032848.jpg,woman walking street group statues luffy marble statue menacing statues marble statues seen big video statues 3d statue statues statue dong son bronze artifacts huge statues city rich history statue fountain statue several broken statues
2911266028916540333.jpg,sunset ocean waves crashing sun sunset beach sunset background shows beach sunset brilliant sunset ibiza large twin sunset stunning sunset spectacular sunset sunset background sunset beach summer sunset beautiful sunset sun back sunset beach beautiful sunset glow
3288273123307878551.jpg,poster concert eclipse black sun purple eclipse eclipse total eclipse solar eclipse dark solar eclipse concert poster promotional poster eclipse solar eclipse sky black suns sky opera total lunar eclipse official poster lunar eclipse eternal eclipse black sun diego velazquez
3151295739879651331.jpg,travel review awards logo fireworks sky 2 0 1 9 2019 redering best photography 2 0 2 1 2018 2 0 1 8 spain 2 0 2 1 2021 imet2020 top rated year s best award
3164225800857368073.mp4,corn grill corn cob everywhere corn chess board game muzinabu corn meze audio large cornicione corn floating ocean maze like zmonzheng myazaki cd cover artwork maze immaculate rows crops maze like mazeking h 704
3038913401607861248.mp4,table variety dishes it offering plate food delicious food table full food 4k food photography 4 k food photography dish table plates maher morcos full plate food focus breakfast las pozas food photo trendy food tacos cinematica
3230238333501992605_3230238321757987656.jpg,view ocean small town distance paradise background views ocean mexico overlooking beach island background tropical coastal city overlooking ocean view ocean long beach background island background coast background ocean background downtown mexico ocean view
2866358256777301864.jpg,logo st maale small town canary islands travel ad vibrant tourism poster website banner inspired manuel ortiz de zarate mazoku mexico nazare portugal travel guide mack sztaba digital banner commercial banner maze tourism mana inspired raul martinez moco
3161616310001768703_3161616305052650142.jpg,two women sitting couch drinks hands two beautiful women love beautiful city black woman only paradise background sun coast opulent favela environment alcohol blue delirium skies bar background drinks waterfalls background beautiful alluring women bar background mountains background
3197641477865479650_3197641472320519890.jpg,wave rolls beach sunset background shows beach sunset foamy waves relaxing beach sunset golden hour pismo california ocean specular tall backlit waves photo ocean sunset beach waves splashes beach sunset sunset beach
3328127964401862396_3328127954226445795.jpg,man standing bridge ocean stairs hell heaven stairway heaven impossible stairs outdoor staircase victor enrich leandro erlich penrose stairs stairway built around ocean large staircase epic architecture kingslanding sastle rock photoreal epic composition staircases stone stairway
3050444203990966019_3050444193194827385.jpg,row bottles alcohol counter bottles covered wax alchemist bottles captured bottles colorful bottles plants bottles bottles spices miniatures empty pet bottles golden miniatures chianti molotov cocktails vases bottles mead various refining methods transparent labs beautiful labels various sizes magical potions
3053527517764423045.mp4,man surfing ocean sunset dreamy sequence surf photography dream wave aesthetic header surf hawaii pictures sequence collage styles ocean swells best photos year azores four seasons seaside backgroud canva canva photo mosaic maybe small waves full width
3063488755307822455.jpg,baby turtles crawling sand sea turtles kauai thousands tiny onlookers turtles way down still nature documentary hundreds them teeming life kauai cute decapodiformes footprints sand
3065703130364114083.mp4,building balcony balcony railing rotunda round doors rounded architecture curvilinear architecture former gasometer rome ballroom background photo huge theaterstage photo big theaterstage rococo architecture large round window rounded ceiling circular gate white wall curvilinear perspective
3176712200932357970.jpg,man walking cobb road evening streets salvador downtown mexico tlaquepaque travel adventure man walking cobblestone streets paved roads man walking city standing road cobblestone floors full body 8k cobblestone roads guanajuato narrow streets standing city street
2992471679458158209.jpg,sunset ocean wave crashing rocks inspired fitz hugh lane mattise courtesy mbari anita kunz horizont margaret leiteritz colorful sunset vibrant sunrise colorful sunset vibrant sunset colorful skies sunset colors inspired albert bierstadt emanuel witz epic sunset sunset background
3171562462104825262.jpg,view small island small house top like jiufen hashima island taiwan japan shonan enoshima nagasaki guanyin southern seas aoshima island background changquan azores island background mountain look like women island blue sea
2865693094603721521.jpg,man walking along beach rocks water people angling edge 3d parallax view effect 4k photo gigapixel sand colored walls erosion channels river gigapixel photo coast background soft sanded coastlines gigapixel maximum upscale shows beach sunset
2897476659948772560.jpg,street lined colorful buildings colorful flowers downtown mexico guanajuato tlaquepaque mexico colorful buildings colorful architecture brightly colored buildings colorful city puerto rico vivide colors colorful houses las pozas colonial era street whitewashed buildings scenic colorful environment city rich history
3033783929702313261_3033783926179124412.jpg,man standing front statue group people jayson tatum che guevara jayson tatum guerilla heroica city rich history beatle contrapposto wearing correct era clothes dong son bronze artifacts wearing correct era clothes bangkok townsquare crowded street
3211328161547175685.mp4,dolphin swimming water seapunk pink white turquoise pinky pie little pony dolphin beautiful pink little girl dolphin swimming pastel pink skin tone maternal trans rights nice pastel colors kawai dolphins swimming pink colors dolphins pinks born sea pink diverse species
3201919942965913702_3201919938947930059.jpg,glass filled drink spoon ooze food photography amazing food photography extra pickles onions relish sparkling gems top iced tea glass metaballs mixing drinks styled food photography swirling liquids mate painting mix rendering tall iced tea glass trendy food colorful coctail
3154896670130631629.mp4,woman eating meal food table food focus gastronomy magazine breakfast las pozas brenizer method meredith schomburg meze audio offering plate food trendy food gastronomica magazine mangosteen food styling restaurant menu photo food stylist food blog magazine article vp marketing
2935947259759140125.jpg,palm tree middle field coconut trees coconut palms tropical trees palm trees beach date palm trees tropical palms tropical background palmtrees palm trees beach tropical vegetation outdoors tropical cityscape tropical vegetation tree palms background potted palm trees sunny day background tropical landscape sunny sky background
3389118219217042390_3389118203941375837.jpg,plate food pastry it living food adorable pancake 4 k food photography 4k food photography hd food photography food styling pancakes food photography styled food photography pastelle food focus professional food photography red cloth background award winning food photo culinary art photography food photography chorizo sausage
3031598835848375823_3031598829959441922.jpg,logo bank bank front building renderhub next2020 umbra tuba azure color bleed retaildesignblog renderhub blue wall best logo retaildesignblog net 2d solid shape logo teamlab ouchh innate studio brand identity header logo
2877259401796371633.jpg,small island boats water port peru beautiful sea landscapes colombia salvador kingslanding hd aerial photography 4k photo gigapixel vulcano location favela harbor aerial photograph ayahausca aerial photography rock sea aerial view mountain national geography photography
3045483855881830235.jpg,city puerto dusk tropical coastal city long beach background malaysian scenic view night sun coast coast background shows beach sunset night setting night scenery vietnam sunset view hdr photograph vibrant lights photo taken ektachrome vibrant atmosphere capital city city sunset night city quality lighting
2955036776880823732_2955036772585884744.jpg,beach top mountain island crete kauai island blue sea kauai springtime hawaii view seascape australia hills ocean ocean rock landscape maui kauai sapphire waters below rock sea rocky coast
3029575572351979540_3029575566228449160.jpg,city street lot cars parked side 1960s 1 9 6 0 s late 1 9 6 0 s old jeddah city street colombia en los anos 60 1960 s 1 9 6 0 s 1970s 1 9 7 0 s c1970
3050444203990966019_3050444192875861712.jpg,beach people walking sitting sand sun junze medium format color photography photo taken ektachrome sunny day beach miraculous cloudy backdrop photo taken provia film color photography film photo color film photography 3 5 mm color photography 35mm film color photography photo 35mm
3100482627052683617.jpg,rock formation photomanipulation flying rocky island leap faith nazare portugal collage style joseba elorza thallasophobia cliff foto realista canva miltos manetas shutterstock contest winner professional photoshop artwork splash image subaquatic photography
3161616310001768703_3161616304868005125.jpg,bird sitting top rock near ocean inspired fitz hugh lane anita kunz inspired manuel ortiz de zarate horizont margaret leiteritz emanuel witz manuel ortiz de zarate judith gutierrez mattepainting miltos manetas sky ocean background coast background
2904850131498776768.jpg,statue bird building gina pellon inspired francisco de holanda inspired gonzalo endara crow cam de leon downtown mexico corel paintshop pro inspired angel botello anthony angarola foto realista inspired gina pellon rendered corona
3013005384553511495.mp4,man standing glass walkway observation deck lookout tower inspired leandro erlich standing ship deck glass floor standing edge cliff south african coast travel adventure views ocean high point view next reflecting ocean 400 steps
3334660405816312354.jpg,mother calf swimming ocean humpback whale whales whales showing waves whale whale fall glimmering whale sky whales flying whale blue whale gaping gills baleen submarine camera imagery flying ocean gushy gills baleen blue planet seen straight
3298306849299749965.jpg,beach colorful buildings red crane tropical coastal city brightly colored buildings seaside backgroud blue cyan colors paradise background colorful buildings blue pink colors turquoise pink green pink blue colors turquoise horizon postcard island background colorful city scenic colorful environment turquoise venetian red beautiful lush colors
3306242488699596937_3306242480101286999.jpg,cover book diamond de la faro far far distance razaras tafy farol da barra miltos manetas cd cover artwork fanoos inspired felix arauz far away far future felix arauz manolo millares farcry
2876435290358667755.jpg,beach city puerto dusk tropical coastal city puerto rico downtown mexico mexico shows beach sunset salvador taiwan sun coast coast background beautiful magical palm beach paradise background changquan magical city guanajuato long beach background beautiful city black woman only dakar
3041004924704894100.jpg,entrance museum modern art whale skeleton whale fall giant whale tank legs museum background damien hirst whale carcass leandro erlich glimmering whale white rocks made bone whale gaping gills baleen water deep sea laboratory okinawa churaumi aquarium
2840208999486000307.jpg,wall paintings gallery bill lowe gallery trending artstarion featured artistation featured artsation art gallery contemporary art gallery trending artlist art corner gallery wall full small art painting gallery setting trending artststion beautiful creative space behind trending art station gallery lighting
2869313620819653117.jpg,street tables chairs tables tlaquepaque downtown mexico guanajuato un restaurant avec une terrasse outdoors mesa setting restaurant background hundreds chairs tables mexico cuban setting sidewalk cafe las pozas busy restaurant restaurant market setting restaurant exterior photography breakfast las pozas
2955036776880823732_2955036772585736619.jpg,church large altar chandel religion altar un dia de paz mitre church interior standing front altar church background standing inside church church interior inside tomb jesus standing church white marble interior photograph scene set church masqua muzinabu
3192446736404179287.mp4,plate four rolls it trendy food cloth wraps nuttavut baiphowongse food styling plastic wrap california roll sparkling gems top food art rice paper texture styled food photography professional food photography multicolor glints culinary art photography multilayer served plate food focus
3222377617843456854.jpg,soccer stadium large crowd watching softair arena landscape soccer stadium wilderness ground stadium setting art deco stadium stadium infested pitch green stadium landscape world cup start match moroccan city morocco oman stunning atmosphere myazaki stadium full crowd green field ground
3306242488699596937_3306242480260608154.jpg,man swimming pool large shark leandro erlich inspired leandro erlich flying whale flying cow flying whales taro okamoto wolf vostell poolrooms giant whale tank legs floating vehicles eric zener cam de leon smooth eric zener cam de leon flying elephant
2871385151319327441.jpg,view top hill town puerto rio de janeiro window rio de janeiro view farol da barra mountains ocean rio de janeiro favela location favela tropical coastal city azores favelas rio hills ocean island background shows beach sunset
3197641477865479650_3197641472245178531.jpg,boat water near rock flying rocky island group photo seal rock sea photo taken boat coast background floating rock island view sea island background attacked submarine background paradise background
3233122940794510901.jpg,clock pole city tlaquepaque downtown mexico city rich history giant clock clocks clock tower clock guanajuato clocktower search lost time big clock clockface mechanical clock huge mechanical clocks mexico colonial era street time small clocks leaves
2841317334334858111.jpg,view city large rock middle future miramar epic matte painting island matte painting kingslanding beuatiful matte painting island background 1960s color photograph detailed matte painting c1970
3054196200589768687.jpg,aerial view beach town puerto foto realista natural disaster kurt wenner corona rendered rising ocean mutiversal tsunami photoralistic rendering 4k photo gigapixel corona renderer aerial footage gigapixel maximum upscale tsunami kingslanding apocalyptik city
2988149994538013062.jpg,group people walking beach next palm tree long beach background tropical coastal city paradise background island background tropical background shows beach sunset background palm trees background tropical beach hawaii hawaii beach beach background tropical paradise palm trees beach island background
3246897279356699318.jpg,sun eclipse total solar eclipse sky ring fire solar eclipse sky huge gargantuan black sun huge black glowing sun solar eclipse eye sauron black sun huge black circle dark solar eclipse eclipse gigantic sun black sun purple eclipse
3196247594112836850.jpg,glass filled cereal 2021 2 0 2 1 2023 4k 2022 2 0 2 2 procreate 2 0 2 2 2023 2 0 2 3 imet2020 2 0 2020 2024 2 0 2 4
3161616310001768703_3161616304993798171.jpg,large pool waterfall middle huge glass tank crocodile god lair giant aquarium natural cave water flows inside terrarium miniature indoor lake conversation pit earthship terrarium lounge area solarpunk architecture picture interior loft opulent favela environment filled natural light dream pool
3334018746684825811_3334018733942713937.jpg,man jumping cliff ocean cliff leap faith flying rocky island falling cliff leandro erlich leaping air cliff extreme sports photography flying ocean rising ocean big splash rising ocean dangerous cliffside jump nazare portugal
3069317850212056605.jpg,aerial view city puerto puerto rico downtown mexico drone view city tropical coastal city salvador vallejo guanajuato 4k photo gigapixel entire city view 4k panoramic aerial view city bird s eye view city drone view wide angle shot 4 k hdr
3165740251440204207_3165740240123727652.jpg,woman laying ham ham beach beachwood treehouse epic 3 yemaya sol retreat lara croft relaxing deepdream voodo decor unreal maya mars vacation photo hdr ambient background hdr human detailed canva trapped hedonic treadmill andrea rocha tropicalism
