image,prompt
3368713582471467921_3368713574636327415.jpg,"a woman in a red dress, lizzo, vogue magazine editorial, vogue editorial photo, alluring plus sized model, vogue magazine photo, stunning african princess, adut akech, african queen, plus-sized, pose(arms up + happy), plus size, plus size woman, beautiful thick female, vogue magazine cover, ebony rococo, black and red silk clothing"
3367904251098288343.fdash-1094451148298208_mpd_qe=R1_v.mp4,"a christmas tree in the middle of a pond, christmas tree, christmas, emitting light ornaments, holiday season, christmas night, festive, local illumination, holiday vibe, mexico, christmas lights, the lights are on, an enormous silver tree, a beautiful tree, symmetrical ornament, large led lights, by Ancell Stronach, festive atmosphere, decorations"
3353473467629699475.mp4.fdash-412505791416507ad,"the golf course at the ocean club, golf course, jamaica, golf course in background, bunkers, colors of jamaica, perfect green fairway, green ocean, caribbean, beautiful magical palm beach, very beautiful!! aerial shot, green sea, royal green and nature light, puerto rico, golf digest, soft-sanded coastlines, lush greens"
3257012359578282865_3257012331233245217.jpg,"a woman laying in a ham on a ham ham, by Eric Zener, inspired by Eric Zener, eric zener cam de leon, luxury advertisement, architectural rendering, by Storm Thorgerson, by Leandro Erlich, advertising visualization, realistic rendering, eric zener aykut aydogdu, inspired by Victor Enrich, smooth eric zener cam de leon"
3310960294141147463_3310960255670980098.jpg,"a woman in a bikini on the beach, plus-sized, plus size, plus size woman, monokini, beautiful shape of face and body, alluring plus sized model, orange body, fully body photo, giant stunning goddess shot, bbw, wearing two - piece swimsuit, orange halter top, full entire body fun pose, she is holding a long staff"
3342561992240246018.jpg,"a crowd of people at a nightclub, club lighting, night clubs and neons, nightclub, scene from a rave, night club, stage at a club, dance club rave, club photography, in a nightclub, nightclub background, clubs, neon lighting and spotlights, black light rave, strobe and laser lights, symmetric lights and smoke, cyberpunk nightclub"
3374415382789354714_3374415369568875781.jpg,"a woman in a bikini laying on the beach, wet flowing hair, sports illustrated, maxim cover : :, in water up to her shoulders, wet dripping hair, feathers ) wet, by Jerry Weiss, wet dripping long hair, emerging from the water, maxim magazine cover, wet swimsuit, maxim magazine, wet, dripping wet, ocean spray, waves and splashes"
3313559437539631535_3313559385664420072.jpg,"a fence with a wooden post and a bench on the beach, beach background, beach and tropical vegetation, wide angle shot 4 k hdr, varadero beach, unfinished roots of white sand, paradise in the background, hdr photorealism, subject made of white mesh rope, view of the ocean, sky and ocean background, beach setting, ropes and chains"
3368713582471467921_3368713574728841912.jpg,"a beach with a blue sky and white clouds, miami beach, south beach colors, azure blue water, puddles of turquoise water, light blue water, clear blue water, turquoise horizon, beautiful magical palm beach, blue waters, carribean turquoise water, beach background, azure ocean, beautiful beach, blue water, beautiful ocean, azure waves of water, turquoise water"
3270038662250091506.mp4.fdash-728856985549635ad,"a table with plates of food and drinks, over a dish and over a table, plates, food focus, the plate is on a wooden table, gastronomy magazine, trendy food, offering a plate of food, served on a plate, chefs table, gastronomica magazine, restaurant menu photo, plating, an island made of food, pan and plates"
3279025350720512618_3279025330436811442.jpg,"a woman in a pink inflatable floating pool, tropical pool, resort, wellness pool, sun coast, hawaii, dream pool, aruba, tropical paradise, travel ad, neon jacuzzi, tropicalism, beautiful magical palm beach, tropical mood, on a canva, next to a tropical pool, pool tubes, in a luxurious pool, paradise, lush paradise"
3286932979367092377.fdash-594642602844862_mpd_qe=R1_v.mp4,"a woman and a child on the beach, towering above a small person, mars vacation photo, with a kid, tall and small, carribean white sand, posing on a beach with the ocean, beach background, vacation, aruba, vacation photo, paradise in the background, posing on the beach, blippi, beautiful beach, standing on a beach in boracay"
3365814299819236298.mp4.fdash-458915509829447ad,"a man in a suit and tie standing on a stage, stage at a club, night clubs and neons, in a nightclub, nightclub, night club, live performance, live on stage, club lighting, nightclub background, slaughterhouse, 2 rappers on stage at concert, mansion, live in concert, scene from a rave, well lit night in las vegas"
3270799182351424427_3270799127490402525.jpg,"a woman in a black swimsuit on the beach, varadero beach, breath-taking beautiful beach, woman on the beach, standing on a beach, miami beach, white sandy beach, walking on the beach, girl looking at the ocean waves, dancing on a tropical beach, beautiful beach, white sand beach, inspired by Robert Macaulay Stevenson, white beaches"
3354198684751829039.jpg,"the sun sets over the mangrove and mangrove islands, spectacular sunset, florida, sun sunset, miami beach, beautiful sunrise, inspired by Ralph Burke Tyree, sunset south, miami, beautiful sunset, sunset with cloudy skies, stunning sunset, which shows a beach at sunset, sunset view, evening sunset, sunrise background, summer sunset, sunset photo, sun coast, the sunset"
3287486161583593746.mp4.fdash-245899811792555ad,"a woman walking on the beach in the ocean, carribean turquoise water, turquoise water, puddles of turquoise water, turquoise ocean, beautiful magical palm beach, carribean white sand, girl looking at the ocean waves, white beaches, breath-taking beautiful beach, ocean background, turquoise horizon, caribbean, azure blue water, deep blue oceans, beautiful beach, bahamas"
3363455671452939637.jpg,"a woman in a bath with roses on the floor, spa, bathtub, roman bath, bath, wellness pool, high-end onsen, in water up to her shoulders, japanese onsen, small wellness relaxation pool, featuring marble fountains, fonte à la cire perdue, 3 5 °, in a luxurious pool, in water, luxurious onsens"
3364271054702150423.jpg,"revas classes en entreyoga com, canva, plan, on a canva, by Verónica Ruiz de Velasco, plans, detailed plans and notes, school class, classroom, poster template on canva, full-bofy plan, ideas, best practices, by Emma Ríos, by Rodolfo Escalera, mooc, planning"
3313559437539631535_3313559424369448612.jpg,"a woman in a bikini is sitting on the edge of a pool, sitting in the pool, in a swimming pool, in a luxurious pool, vacation, mexico, vacation photo, in water, sitting at the edge of pool, joey king, paradise in the background, belly button showing, hot tub, anya taylor joy, pool, swimming pool, swimming, poolside"
3246888635474329382.fdash-1269900777026837_mpd_qe=R1_v.mp4,"a man and woman sitting on a swing chair at the beach, mars vacation photo, miami beach, beach background, varadero beach, beach scene, beaches, beachwood treehouse, beaching, husband wife and son, on beach, sunny day at beach, sunny day background, beach sand background, story, the beach, sunny sky background, ben watts, beach"
3253547951690091913.jpg,"a man is standing on a wooden pier in the ocean, drone photography, drone shot, drone view, shot from a drone, drone photograph, drone perspective, overhead photography, 4k drone photography, color aerial photo drone, drone camera angle, wooden bridge, drone photograpghy, drone photo, drone point of view, hot sun from above, huge suspended wooden bridge"
3273273424938571373.jpg,"a beach with palm trees and a blue sky with the words ' paradise on it, travel ad, 2021, 2 0 2 1, pacal votan, back to us, mexico, palms, trending on pixv, palmtrees, lorem ipsum dolor sit amet, medium distance, looking forward, vacation, pixv, foto realista"
3251926808323789400.fdash-896957615482978_mpd_qe=R1_v.mp4,"a lighthouse in the ocean at sunset, lighthouse, light house, bold lighthouse in horizon, light cone, farol da barra, dramatic pink light, turquoise and pink lighting, soft blue and pink tints, shades of pink and blue, blue and pink colors, pink and blue colors, bahamas, inspired by Robert Macaulay Stevenson, pink sunlight"
3383222924280798931.jpg,"a woman in a yellow kayakle on the water, on a boat on a lake, gilligan's island, rowing boat, boat, on a boat, boats, inlets, top boat racing simulator, small canoes, simona sbaffi is the captain, golden rainbow tubing, boats in the water, travel and adventure, boat dock, small boat"
3235358729548745295.mp4.fdash-181723715004484ad,"the pool at the grand resort in cancua, mexico, wellness pool, coconut trees, coconut palms, inspired by Ralph Burke Tyree, sun coast, tropical pool, many plants and infinite pool, resort, small wellness relaxation pool, lot of exotic vegetation, dream pool, beach and tropical vegetation, sol retreat, infinity pool, infinity pool mirrors, pools"
3255807912453486461.mp4.fdash-641979464813252ad,"a blue background with a red shirt and a black hat, cospay, logopond, promotional render, canva, commercial banner, contraposto, with teal clothes, goya, procreate 2 0 2 2, compass energy flowing, evoker robes, roman toga, inspired by Gonzalo Endara Crow, # e 4 e 6 2 0, ecopunk"
3264240956545498297_3264240944567721632.jpg,"the ruins of the mayan ruins in the jungle, maya temples, mayan temple in the jungle, ruined temple covered with moss, mayan, tikal temple iv, submerged pre - incan temple, ancient ruins in the forest, not ruins, white stone temple ruins, jungle background with ruins, ancient temple ruins, mayan style, ancient ruins and waterfalls"
3256416456907861992.fdash-1456273541624387_mpd_qe=R1_v.mp4,"the beach with text that reads cancu, travel ad, trending on logostation, vibrant tourism poster, 2023 4k, 2030s, 2029, in 2 0 5 5, 2 0 5 0 s, 2 0 2 3, 2023, 2025, 2022, 2 0 2 2"
3230904874341467301_3230904788232375966.jpg,"a large skull statue in front of a building, calavera, sugar skull, single aztec skull, portrait of a sugar skull, aztec skull, sacred skull, el dia los muertos, ( el dia los muertos ), giant robot skull, ( ( ( el dia los muertos ) ) ), (dia de los muertos), ( dia de los muertos )"
3328085190764669944.fdash-1506342890227983_mpd_qe=R1_v.mp4,"a red flag on the beach with a blue sky, varadero beach, white beaches, beach setting, beach on the outer rim, carribean white sand, beach background, white sand beach, white sand, beautiful beach, white sandy beach, azure ocean, miami beach, bright towels, mexico, breath-taking beautiful beach, beach aesthetic, magical beach, the beach"
3389637739575009187.fdash-1545409796048677_mpd_qe=R1_v.mp4,"two yellow boats parked on the water, on a yellow canva, inlets, small canoes, lemon slices float on the water, golden rainbow tubing, bolts of bright yellow fish, on a canva, boats in the water, cyberpunk speedboat, portholes, rainbow tubing, top boat racing simulator, concept boat, gondolas, floating vehicles"
3255807912453486461.fdash-1140697820249231_mpd_qe=R1_v.mp4,"cancu resort in cancu, cancu, cancu, cancu, cancu, cancu, canva, travel ad, 8k resolution – w 1024, 3 2 k resolution, 8k octan advertising photo, on a canva, 2 0 1 9, 2019, 1128x191 resolution"
3236866539851480758.jpg,"a soccer game is being played in a stadium, soccer stadium, crowded stands, stadium setting, art deco stadium, madrid. extreme long shot, stadium landscape, stadium, at the world cup, meszoly geza, the stadium has a full crowd, stadium full of people, interrupting the big game, ecstatic crowd, start of the match, soccer"
3385371571780817590.jpg,"a woman laying on the beach with palm leaves, by Maud Naftel, jen atkin, vogue magazine photo, brazilan supermodel, posing for playboy photoshoot, monokini, inspired by Maud Naftel, tropical mood, by Jerry Weiss, body covers with neon flowers, covered, vogue photoshoot, inspired by Olivia de Berardinis, closed swimsuit"
3349061403779384661_3349061344110598904.jpg,"a man wearing a hat and sunglasses standing in front of a stone wall, at an ancient city, in ancient city ruins, standing before ancient ruins, beautiful ancient ruins behind, ancient city, iram of the pillars, mohamed chahin, in a city with a rich history, hicham habchi, lost city, ancient ruins in the background"
3309334550530146704.jpg,"a poster advertising a beach party, vivide colors, vivic colors, vibrante colors, vivd, vivid colors scheme, vivid - colors, vibrant colors americana, pv, varadero beach, vivid rich colors, hivis, vivid colors, vivid bright colors, travel ad, vivid colrs, canva, enviroment, vivd details"
3339760067362687902_3339760061440471070.jpg,"a woman holding a backpack and a camera, belongings strewn about, luggage, girl with warship parts, flasks, hugo boss prize, carrying survival gear, flasks in hands, presenting wares, fluid bag, first aid kit, crafts and souvenirs, trading illegal goods, medical supplies, artsation contest winner, school bag, pulittzer winner, upcycled"
3248985283227261055_3248985210070015109.jpg,"a colorful skull head on a black stand, calavera, sugar skull, el dia los muertos, by Romero Britto, dia de los muertos, skull bust, (dia de los muertos), ( dia de los muertos ), celebrating day of the dead, ( el dia los muertos ), portrait of a sugar skull, dia de muertos"
3318639398516632602_3318639376873880260.jpg,"a woman in white dress jumping with a bird in the air, yoga, yoga meditation pose, yoga pose, vale encantado, centered full body pose, dynamic energic pose, canva, lotus pose, by Luis Enrique Camej, by Rodolfo Escalera, by Manuel Rendón Seminario, procreate 2 0 2 2, prana"
3304258132569635931.fdash-251272368024182_mpd_qe=R1_v.mp4,"two people in a boat on the water, 4k drone photography, on a kayak in a forest, drone photograph, small canoes, drone photography, color aerial photo drone, shot from a drone, aerial shot from the drone, soaring over a lake in forest, 3 boat in river, drone view, drone camera angle, flying above a tropical forest, drone wide shot"
3230904874341467301_3230904818296971193.jpg,"a woman sitting at a table with a drink, drinking cocktail, female death holding a cocktail, drinks, cocktail bar, people drink cocktails, in a tiki bar, emylie boivin, f 2 0, wide open mouth, streaming on twitch, holding a drink, beach bar, photo of slim girl, drink"
3270372827851723351.fdash-789418443200805_mpd_qe=R1_v.mp4,"a man is standing on a bed in a bedroom, father with child, father holds child in the hand, hanging from the ceiling, four stories high, tall ceiling, tall ceilings, tall and small, leaping with arms up, floating in mid - air, heroic jumping pose, toy commercial photo, towering above a small person, very tall ceilings"
3240420053152380680.fdash-759185179370084_mpd_qe=R1_v.mp4,"three women in red dresses standing on a wooden dock, rendering of beauty pageant, fashion show runway, fashion show, victoria secret runway show, full body portrait of a group, models, women full body, model agency, fashion runway, fashion show photo, promotional still, catwalk, one model, perfect location lighting, promotional image, television still, modelsociety, group"
3370962628228841989.jpg,"a blue background with a white text that reads, ' asura tugar ', ticket, service ticket close up, promotional render, ekasportal, promotional material, # e 4 e 6 2 0, promo, vale encantado, yoga, epic 3 d yemaya, esty, awwwards, promotional poster, by Luis Enrique Camej"
3268158288204704859.fdash-274987708920401_mpd_qe=R1_v.mp4,"two drinks are sitting on a table, people drink cocktails, drinking cocktail, colorful coctail, the flamingo cafe, lava flows, neon bar lights, cocktail bar, cold drinks, defence, neon standup bar, south beach colors, miami heat colors, hand grenades, slush)), red and green hour, female death holding a cocktail"
3374475426121071454_3374475420081288520.jpg,"a white dog with sunglasses on sitting on a wooden deck, lemon wearing sunglasses, jack russel terrier, sunglasses on, looking heckin cool and stylish, havanese dog, maui, sunny day at beach, hot and sunny, ( bear wearing sunglasses, wearing cool sunglasses, sunbathing at the beach, wearing shades, wear ray - ban glass, jack russel dog"
3235256474354700338.fdash-2369327899922013_mpd_qe=R1_v.mp4,"a woman in a purple swimsuit on the beach, monokini, shanina shaik as medusa, closed swimsuit, violet tight tanktop, purple body, purple halter top, in a gold one piece swimsuit, kaki body suit, wearing two - piece swimsuit, swimsuit, jen atkin, rubi, miami beach, beautiful woman body, high level body suit"
3282510871744570777.fdash-304781802055910_mpd_qe=R1_v.mp4,"a woman in a black swimsuit laying on the beach, maxim magazine cover, sports illustrated, monokini, maxim cover, rubi, gq magazine cover, gq magazine, posing on the beach, covered sfw huge breasts, busty, maxim magazine, buxom, very sexy woman with black hair, sfw huge breasts, laying on beach"
3250663504259294394_3250663463574447430.jpg,"a woman in a bikini, plus size woman, lizzo, beautiful thick female, plus size, wearing leather swim suite, plus-sized, beautiful curvy female, bbw, alluring plus sized model, beautiful shape of face and body, 30-year-old woman from cuba, curvacious, ( brown skin ), attractive feminine curves"
3368643318316411510.mp4.fdash-295156933660418ad,"a beach with palm trees and the ocean, beach and tropical vegetation, palm trees on the beach, coconut trees, white sandy beach, unfinished roots of white sand, coconut palms, beach setting, white sand beach, beach on the outer rim, miami beach, carribean white sand, beachfront, tropical beach, palm leaves on the beach, serene beach setting"
3326635228810205184.mp4.fdash-3574520586192557ad,"a bird sitting on a branch with a fish in its mouth, long thick shiny gold beak, long thick shiny black beak, with a yellow beak, colorful bird with a long, feathers exotic morphing hoopoe, insects and birds, beware the jubjub bird, yellow beak, toucan, a surrealistic bird, helicopters and tremendous birds, tropical birds"
3281094006095894121_3281093967352861405.jpg,"a large neon sign that says ' love ', colorful neon lighting, colorful neon signs, colorful neon lights, neon electronic signs, neon background lighting, pink yellow and blue neon signs, gigantic neon signs, strong neon lighting, vibrantly lush neon lighting, bright neon signs, vibrant lush neon lighting, rainbow stripe backdrop, neon lighting and spotlights, rainbow overlay! beautifully lit"
3248985283227261055_3248985266533863162.jpg,"a wooden walkway leading to the beach, standing on a beach in boracay, jack russel terrier, parks and public space, coconut palms, children playground, miami beach, varadero beach, boardwalk, near the beach, masqua, at a tropical beach, jack russel terrier surprised, in a beachfront environment, animals in the streets, canines sports photo"
3262264935564058588.jpg,"a bride and groom standing on the beach, professional wedding photography, wedding photo, bride and groom, bahamas, cyan photographic backdrop, trending on unsplash, featured on unsplash, top selection on unsplash, shot on anamorphic lenses, perfect location lighting, blue sky background, sony 14mm f2.8, zeiss 14mm f1.8"
3312947927830259766.mp4.fdash-912525237216867ad,"the cover for the new album, ' mexican caribbean ', vibrant tourism poster, colorful lens flares, iridiscent rim light, travel ad, tropicalism, corona rendered, nvidia promotional image, neochrome colors, new age album cover, mexico, rich iridescent specular colors, black sun with purple eclipse, (tropicalism), art nuevo, gradient iridescence colors"
3288509384215428061_3288509371582220204.jpg,"a clock with the words lega tempoo on it, imet2020, compass energy flowing, light blue background, extemporaneous, in the argentine congress, by Carlos Berlanga, by Luis Enrique Camej, logopond, temporalization, teal energy, iso 200, iso 2 0 0, 2029, time is running out"
3368713582471467921_3368713574628024498.jpg,"a man is winds surfing in the ocean, a ragdoll cat windsurfing, standing on surfboards, glistering, in a jumping float pose, light wind, extreme sports photography, origin jumpworks, when the wind is slow, guy using the purple fancy suit, hovering in the air, leonardo fioravanti, ride the wind and waves"
3276121772867653356.mp4.fdash-324717156664002ad,"a man holding a box of food at a festival, contest award winner, paul kratter, packaging award, award winner, winning award photo, award winning photographer, prize winning, annual award winner, prizewinning, diaper-shaped, award winning dark, winning award piece, awardwinning, dad energy, winning awards, 1 st winner, winning award image, rick guidice"
3377291985282411416.fdash-437116412584213_mpd_qe=UNKNOWN_v.mp4,"a young man holding a black surfboard, annual award winner, year's best award, award, greta thunberg smiling, award-wining, pulittzer winner, award winner, awe - inspiring award - winning, winning award photo, winning awards, kai vermehr, winning award image, awe-inspiring. award-winnin, award winning dark"
3260808793469201619.jpg,"kite surfers in miami, gold coast australia, offshore winds, ride the wind and waves, light wind, glistering, kites, rhythm of the wind, extreme sports photography, fine wind, surf photography, waikiki beach skyline, action sports photography, gliding, flying angels, when the wind is slow, sailboats soaring in the wind, waikiki beach, standing on surfboards"
3265873702826184208.mp4.fdash-1796764350794660ad,"three colorful skulls on a pier, human skulls on ground, calavera, outdoor art installation, sacred skulls, ( el dia los muertos ), el dia los muertos, skulls made of algae, skulls on the ground, by Damien Hirst, skulls around, robot art cracking the road, skulls are lying underneath, aztec skull, by Dave Arredondo"
getImg.py,"a stone sculpture with a bear on it, classical antiquities on display, museum exposition, hellenistic sculptures, many stone statues, museum diffuse lighting, classical antiquities, exhibited at the british museum, stone statues, ancient indonesia, museum sculpture, large stone statues of heroes, stone colossus remains, museum background, exhibited in the british museum, museum exhibit"
3273887515781059715.mp4.fdash-355869980399999ad,"a man kneeling on the ground while another man plays golf, launching a straight ball, greg rutwoski, teaching, marking lines, best practices, golf course, instagram contest winner, summer camp, face and upper body focus, david noren, father with child, brenizer method, protgraphy, the next generation, dripping technique, golf digest"
3281094006095894121_3281093992627746692.jpg,"a woman in a bikini top and floral print bottom, vixen, covered sfw huge breasts, sling bikini, indian girl with brown skin, beautiful woman body, big leaf bra, maxim magazine cover, niele toroni, laica chrose, green bikini, covered, sports illustrated, twen magazine, gq magazine cover, the super hot and sexy, vannessa ives"
3285591224839439622_3285591218153790767.jpg,"two women toasting wine glasses at a table, three women, sparkling spirits, group sit at table, drinking cocktail, glass facial muscles, people drink cocktails, blonde women, young women, wealthy women, scene from a dinner party, cocktail bar, blonde hot woman in wine cellar, gastronomy magazine, celebrating, server in the middle, fancy restaurant"
3345350002228985920.fdash-1160902811569757_mpd_qe=R1_v.mp4,"a woman standing in front of the word cancua, vacation photo, mexico, mars vacation photo, by Dave Arredondo, tourist photo, travel and adventure, tropicalism, beach background, tourism, miraculous cloudy backdrop, dancing on a tropical beach, vacation, tourists in background, by Ancell Stronach, travel guide, inspired by Robert Macaulay Stevenson"
3250663504259294394_3250663477600147285.jpg,"a beach with palm trees and a pier, beach and tropical vegetation, tropical beach, tropical paradise, beautiful tropical island beach, tropical beach paradise, tropicalism, caribbean, tropical background, tropical mood, aruba, tropical coastal city, breath-taking beautiful beach, beach background, beautiful beach, tropical ocean, resort, carribean turquoise water, tropical atmosphere, tropical location"
3230904874341467301_3230904758083568250.jpg,"5 dias a 5 dias en eneroyo com, encho enchev, canva, prana, entheogen, by Luis Enrique Camej, aum, ayahuasca, on a canva, countdown, kundalini energy, art nuevo, yoga, vale encantado, anjali mudra, encarpus, ent"
3376816552336895727_3376816522473251690.jpg,"a woman sitting on the beach in a bikini, woman on the beach, aruba, girl on the beach, posing on the beach, on the beach, is relaxing on a beach, amy yasbeck, on beach, relaxing on the beach, on a sunny beach, on a beach, at a beach, beach background, on the sand, sunbathing at the beach"
3230286203185353097.mp4.fdash-1368752970711433ad,"a man and woman on a boat holding a fish, two hands reaching for a fish, fishing, open ocean, holding an fish in his hand, dolphins and swordfish, on the ocean, proudly holding a salmon, sophie turner girl, fish in the background, fishlike, on ocean, jewel fishes, on a yacht at sea, mermaids and fish, you see fishes"
3234536755662866692_3234536726998960353.jpg,"an aerial view of the amazon river in the amazon rainforest, twisted waterway, green waters, river delta, winding rivers, inlets, waterways, mangrove swamp, wide river and lake, how a river, rivers and lakes, mangrove trees, waterway, green ocean, green sea, sapphire waters below, flooded swamp, the emerald coast, erosion channels river, thomas river"
3255733942489720450_3255733905105526460.jpg,"a woman in a yellow bikini sitting on a tree, in a yellow bikini, in yellow bikini, beautiful woman body, shiny golden bikini, gold transparent bikini, gold body, bikini model, sling bikini, in a bikini, supermodel body, beautiful fashion model body, golden necklace, model with attractive body, in bikini, sports illustrated, in a gold suit, nina agdal"
3229451210456457941.fdash-588200676728931_mpd_qe=R1_v.mp4,"a hill with stairs and a man walking up it, curved bridge, a cathedral under an overpass, foto realista, bispo do rosario, city of armenia quindio, overpass, grassy hill, bridge city, ponte 2 5 de abril, cam de leon, bridges crossing the gap, bridge, stairway to heaven, stairs from hell to heaven, cementary"
3251926808323789400.mp4.fdash-319034100943049ad,"a woman is flying a kite in the ocean, kites, light wind, fine wind, offshore winds, sea breeze rises in the air, shanina shaik as medusa, song of the wind, chiho ashima, ride the wind and waves, wind magic, rhythm of the wind, wind kissed pictures, glistering, windy beach, wind"
3307668487580912511.fdash-1070638154191353_mpd_qe=R1_v.mp4,"a woman in a black and white dress, portrait of sofia vergara, magali villeneuve', alessandra ambrosio, monokini, sunset magazine, kate beckinsale, wearing a hawaiian dress, staring sofía vergara screaming, carola rubio, wearing two - piece swimsuit, brazilan supermodel, sofia vergara, wearing leather swim suite"
3262075190513794081_3262075183685525957.jpg,"a group of sailers are in the water, light wind, sailboats in the water, sail, in a race competition, white cyc, 40nm, sails, ships with sails, boats in the water, sail made of human skin, sail boats, ships with sails underneath, sailboats, sailing boats, glistering, on a canva"
3230904874341467301_3230904772335994280.jpg,"a statue of santa claus in the lobby of the hotel, robes with golden characters, sam hyde in gold suit, santa, golden-white robes, santa claus, white robe with gold accents, dressed in white robes, gold and white robes, appearing in a shopping mall, white and gold robes, sitting on santa, the golden humanoid robot"
3234536755662866692_3234536744816351122.jpg,"a restaurant with a sunset view, fancy restaurant, expensive restaurant, restaurant in background, un restaurant avec une terrasse, sunset view, candlelit restaurant table, views to the ocean, beachwood treehouse, inspired by Ralph Burke Tyree, beautiful sunset lighting, restaurant!!, large twin sunset, outdoors mesa setting, as the sun sets on the horizon"
3235256474354700338.mp4.fdash-355510077011224ad,"a wedding ceremony on the beach at the resort, giant columns palace, giant columns, giant greek columns, many columns, marble columns in background, classical stone columns, with palm trees and columns, stone pillars, tall columns, roman pillars, large pillars, pillars, gigantic pristine marble columns, glamorous setting, huge greek columns, roman columns, columns, fallen columns"
3305001037395797679_3305000990266919576.jpg,"a lifeguard flag on the beach, 2022, 2 0 2 2, '20, 2 0 2 1, 2021, 2 0 2 4, 2024, iso-250, 2023, 2 0 2 3, 2 0 2 2 photo, imet2020, bright blue future"
3280527763340245492.fdash-689379060037534_mpd_qe=R1_v.mp4,"a woman in a black bikini, beautiful curvy female, attractive feminine curves, beautiful woman body, trending on bbwchan, beautiful thick female, fat, bbw, curvy model, plus size, plus size woman, sports illustrated, realistic bikini, plus-sized, beautiful shape of face and body, curvy body, soft curvy shape, curvy and bow, wide full body"
3374415382789354714_3374415369585612844.jpg,"two girls playing in a pool with water, wellness pool, in a luxurious pool, small wellness relaxation pool, rectangular pool, bathing in a waterfall, indoor pool, spa, stands in a pool of water, a pool inside the giant palace, featuring flowing fountains, infinity pool mirrors, pools and streams, next to a tropical pool, pools of water, water splashes"
3301985736108222636.mp4.fdash-3620325141619710ad,"a group of people dancing in a nightclub, scene from a rave, photograph of three ravers, indistinct man with his hand up, epic cold blue lighting, a person at a music festival, blue and purle lighting, blue lighting, club lighting, blue light, high blue lights, dj at a party, blue lights, ethereal blue lighting"
3368713582471467921_3368713574628003941.jpg,"a woman sitting on the beach under a cave, cave background, empty bathhouse hidden in a cave, island with cave, waterfall cave, underground lake, cave prison, natural cave wall, cave setting, cozy bathhouse hidden in a cave, panoramic centered view of girl, in a cave with the waterfall, hotspring hidden in a cave, giant aquarium in natural cave"
3374415382789354714_3374415369619305672.jpg,"a woman in a red bikini is sitting on a turtle, sitting in her throne underwater, subaquatic photography, old abandoned car sinking, underwater photography, underwater photograph, cgsociety 9, under water, in a underwater horror scene, deep under water, side profile in underwater, by Jerry Weiss, submerged underwater, andreas franke, partly underwater, viral photo"
3359992361130268151.mp4.fdash-7211221682321647ad,"mexico ' s best destinations and can, travel ad, graphic design contest winner, top rated, top - rated, top-rated, trending on pixv, travel guide, pixabay contest winner, on a canva, editors choice, contest winner 2021, awardwinning, trending on logostation, by Ancell Stronach"
3305001037395797679_3305001027655043617.jpg,"a blue background with a box and a bird flying over it, erak note, etsy stickers, canva, notebook, vale encantado, nier autoamata, promotional material, by Verónica Ruiz de Velasco, by Esteban Vicente, promotional, wolff olins |, # e 4 e 6 2 0, art nuevo, codex, notes"
3343988415538974597.jpg,"a bowl of food with smoke coming out of it, steaming food on the stove, colorful smoke in the background, smokey lights, tacos, award winning food photo, thick dark smoke!, neon smoke, lomo saltado, colorful smoke, food focus, nuclear mushroom smoke, defocused background, hot food, smoke pit nebulas, food pov, food photo, smoky lighting"
3234536755662866692_3234536690349182761.jpg,"a man swimming in a pool next to a beach, rectangular pool, pools and streams, green oozing pool pit, infinity concentric pool, a pool inside the giant palace, twisted waterway, many plants and infinite pool, dream pool, landscape architecture photo, next to a tropical pool, waterway, pool tubes, watercore"
3305001037395797679_3305001010014959412.jpg,"a white boat is docked in the water, docked at harbor, boats in the water, boat dock, floating buildings, wide angle shot 4 k hdr, one small boat, moored, with water and boats, miami beach, small boat, boats, boat, highly detail wide angle photo, sea - doo gtx, realistic wide angle photo, wide angle ultra - vivid"
3362080458987021354.jpg,"the beach at the grand resort in cancua, cancua, cancua, cancu, miami beach, south beach colors, miami, beautiful magical palm beach, beach and tropical vegetation, tropical coastal city, sun coast, varadero beach, vice city, white sandy beach, beautiful beach, breath-taking beautiful beach, florida"
3270038662250091506.fdash-1039867323910655_mpd_qe=R1_v.mp4,"a blue background with a green plant and the words, ests 1 dia, canva, encho enchev, aum, prana, un dia de paz, ayahuasca, by Luis Enrique Camej, on a canva, entheogen, by Enrique Grau, esuthio, kundalini energy, yoga"
3339096355547283932.jpg,"a man and woman sitting on the beach with palm trees in the background, family photography, children playing at the beach, families playing, cuban setting, kids playing at the beach, travel and adventure, happy family, gilligan's island, people in beach, vacation photo, reunion island, beach scene, beach setting, by Olivia Peguero, vacation, varadero beach"
3326635228810205184.fdash-311817681577465_mpd_qe=R1_v.mp4,"a hot tub in the middle of a deck surrounded by trees, beachwood treehouse, bird - eye view, birds - eye view, bird eye view, floral jungle treehouse, drone photography, bird's - eye view, bird's-eye view, from a bird's eye view, on a floating rock island, bird's eye view, next to a tropical pool"
3384759644452245421.fdash-1874113833019435_mpd_qe=R1_v.mp4,"a statue of a woman with a headdre, ancient alien head stone statues, mayan god, mayan priestess, mayan style, mayan jaguar warrior, portrait of quetzalcoatl, helmet of a forgotten deity, aztec god, 3 d toy aztec gods as funco toy, mantis head god temple, asuras giant yaksha statues"
3230904874341467301_3230904804959066039.jpg,"additional land for sale in the bahamas islands, aerial footage, green ocean, drone footage, drone view, aerial shot from the drone, drone photograph, view of the ocean, beach and tropical vegetation, dji top down view, views to the ocean, golf course, shot from a drone, green sea, overlooking the ocean, hd aerial photography, drone photo"
3285984273704817966_3285984244386608144.jpg,"a woman standing in front of a hut, wearing huge straw hat, wearing wide sunhat, sitting in a small bamboo boat, canoe, parasols, bamboo huts, wearing straw hat, standing with a parasol, straw hat, inverted triangle body type, roof background, geodesic domes, full body photgraph, geodesic dome"
3285591224839439622_3285591159475459437.jpg,"a young girl is clapping in the crowd, a teenage girl cheerleader, cheering, she is happy, at the world cup, teal energy, positive atmosphere, meme template, lighthearted celebration, big smile on her face, cheering crowd, soccer, she is smiling and happy, cheering crowds, blue wall, the joy of life, showing victory, smiling woman"
3353473467629699475.fdash-828697405802456_mpd_qe=R1_v.mp4,"a woman laying in a ham ham on a ham ham ham ham ham ham ham ham ham ham ham ham, miami beach, inspired by Ralph Burke Tyree, travel guide, south beach colors, tropicalism, inspired by Robert Macaulay Stevenson, skinny girl in white boho dress, white sarong, long flowing white robe, birkenstock sandals, beautiful magical palm beach"
3286897228185537088.fdash-361524219565468_mpd_qe=R1_v.mp4,"a woman in a black swimsuit, halle berry, promotional image, beautiful woman body, fine body proportionate, lizzo, wearing two - piece swimsuit, thick body, promotional still, realistically proportioned body, 30-year-old woman from cuba, beautiful curvy female, sturdy body, thighs!!!!! gorgeous, wearing leather swim suite"
3296363608248807725_3296363580516130101.jpg,"a woman is holding a kite in the air, a ragdoll cat windsurfing, wind kissed pictures, ride the wind and waves, covered in coral and barnacles, shanina shaik as medusa, scuba diving, long braided curly brown hair, standing on surfboards, kites, wind kissed picture, sky and ocean background, wearing adventure gear"
3389637739575009187.mp4.fdash-999003435128287ad,"a man riding a wave in a water park, water park, white water, surfing a barrel wave, tube wave, white water rapids, big wave surfing, dangerous waves, surfing, standing on surfboards, vortex river, wipeout 2 0 4 8, tsunami, tsunami behind him, waterfals, tubing, totally radical, giant waves, maybe small waves"
3367154586978908324.mp4.fdash-457247756960837ad,"the entrance to the museum of art and design in miami, maya temples, maya, canva, museum exposition, by Rufino Tamayo, research center, mayan, museum of modern art, unreal maya, modern art museum, on a canva, classic mayan mythology, maya engine, maya 3 d, royo, natural botanical gardens, giant aztec space city"
3254053818802176190.fdash-1063540144847771_mpd_qe=R1_v.mp4,"a boy looking out the window at the ocean, boy staring at the window, there is a window to the sea, looking out at the ocean, looking out over the sea, looking at the ocean, we can see the sea, looking out a window, open window ib background, open window, girl looking at the ocean waves, aquamarine windows"
3285591224839439622_3285591198557908628.jpg,"a man in a yellow kay boat on the water, sea - doo gtx, florida, inspired by Ralph Burke Tyree, on a yellow canva, cyberpunk speedboat, the photo was taken from a boat, on the ocean water, photo of the middle of the ocean, flying islands, one small boat, flying rocky island, 3 boat in river"
3285984273704817966_3285984212174347022.jpg,"two photos of a woman in a white dress and a man in a black suit, contest winner 2021, awe - inspiring award - winning, 2021, 2 0 2 1, 2023, 2 0 2 3, annual award winner, award-winning style, year's best award, in 2 0 1 8, award-wining"
3312844729294739031.fdash-2501610246670246_mpd_qe=R1_v.mp4,"a woman in a hat and a black dress, dafne keen, award fashion, winning awards, awards, award-winning style, awardwinning, [ [ award winning ] ], award winner, most winning awards, awe - inspiring award - winning, flasks in hands, award, high shoes, greta thunberg smiling, award - winning, award-winning"
3286897228185537088.mp4.fdash-401709825761660ad,"an aerial view of the ruins of the mayan ruins in the jungle, maya temples, ruined temple covered with moss, white stone temple ruins, ancient ruins in the forest, submerged pre - incan temple, ancient temple ruins, mayan temple in the jungle, epic 3 d oxaguian, tikal temple iv, ancient city ruins, temple ruins, lost city"
3250663504259294394_3250663491265284254.jpg,"a woman in a red dress standing in a cave, cave background, in a cave with the waterfall, standing in a grotto, archways between stalagtites, underground lake, inside the wishing well cavern, all inside an enormous cavern, stalagmites, in a beautiful crystal caverine, in a cave, inside a humongous cave"
3316718278343656458_3316718254016936299.jpg,"a man walking along the beach in the maldives islands, gilligan's island, bahamas, beach and tropical vegetation, puddles of turquoise water, carribean turquoise water, tropical beach paradise, at a tropical beach, beautiful tropical island beach, a ship on a deserted island, green waters, dancing on a tropical beach, tropical paradise, mangrove trees"
3310960294141147463_3310960273220096803.jpg,"a family walking on the beach at sunset, walking on the beach, which shows a beach at sunset, on the beach during sunset, on the beach at sunset, beach background, beach scene, at beach at sunset, at the beach on a sunset, beach sunset background, mars vacation photo, vacation photo, fallout 5 : miami, sunset on the beach, miami beach"
3374415382789354714_3374415369585669138.jpg,"a group of people standing on a stage, podium, lucas graziano, pulittzer winner, best photography of 2 0 2 1, the second… like a calf, competition highlights, nazare (portugal), cam de leon, first place, champion, 1 st place, greta thunberg smiling, awards, winning photo, 1 st winner, prizewinning, winning artwork"
3262075190513794081_3262075142572998200.jpg,"the beach and ocean from the air, miami beach, florida, color aerial photo drone, south beach colors, drone camera angle, drone view, varadero beach, the emerald coast, 4k drone photography, tropical coastal city, wide aerial shot, drone photography, beautiful panoramic imagery, 4k photo gigapixel, drone wide shot, drone photograph"
3384759644452245421.mp4.fdash-7726700890777501ad,"a steak on a slate board with a small bowl of sauce and a small spoon, brown durand, meat texture, styled food photography, dripping bbq sauce, professional food photography, culinary art photography, juicy meat, meat with veins, stylized liquid smoke twisting, steak, food styling, hd food photography, amazing food photography, serving rack of ribs"
3264937015169947857.jpg,"three men posing for a picture, photograph of three ravers, entourage, dance club rave, scene from a rave, goblins partying at a rave, revellers, college party, diverse costumes, “house music rave with dancers, in a nightclub, club photography, wearing a tie-dye t-shirt, stone age rave in a cave, club lighting"
3357857582179531800.fdash-456772840208165_mpd_qe=R1_v.mp4,"a wooden walkway leading to the beach, beach and tropical vegetation, walkway, walkways, resort, boardwalk, beachfront, beach bar, small dock, connected with hanging bridge!!, boat dock, near a jetty, foot path, mangrove trees, white sandy beach, wooden bridge, coconut trees, beachwood treehouse, walking up the sandy beach"
3339760067362687902_3339760029228191628.jpg,"the ocean and the city of miami in the distance, clear blue water, azure blue water, blue waters, clear seas, sailboats in the water, beautiful ocean, azure blue sky, blue sea, blue water, deep blue ocean color, floating. greenish blue, blue clear sky, lake blue, clear and sunny, blue and clear sky, blue ocean"
3229461255294111353.jpg,"a wooden deck with thatched umbrellas and a beach, beach and tropical vegetation, varadero beach, beach on the outer rim, beautiful beach, beach background, beautiful magical palm beach, white sandy beach, mexico, breath-taking beautiful beach, white sand beach, beach setting, wood planks, beachfront, resort, beach bar, magical beach, view of the ocean"
3382420658564718973.fdash-1905516229916535_mpd_qe=R1_vd.mp4,"a woman walks past a mural of a woman in the city of cartages, cuba, colorful mural on walls, mexican muralism ) ravi supa, tlaquepaque, mural art, downtown mexico, symbolic mural, guanajuato, murals, mural, wall mural, the walls are pink, okuda sam miguel, mexico, muralism"
3307873505642147498_3307873429699628268.jpg,"a woman standing in front of a colorful house, sunlight and whimsical houses, colorful house, colorful architecture, house background, dripping with color, colorful tiled architecture, thai architecture, colorful backdrop, colorful houses, colors of jamaica, colorful building, location ( favela _ wall ), hidden tiny houses, vibrantly colorful, bright saturated colors, beatiful house"
3368530248697005351.mp4.fdash-1510342873250015ad,"a woman standing on a wooden bridge in the jungle, big video statues, wooden statue, mayan temple in the jungle, beachwood treehouse, full height sculpture, huge statues, giant moai statues, goddess of the forest, amazon queen, mayan priestess, goddess of nature, in a tiki bar, statue of the perfect woman, queen of the jungle, giant sculpture"
3368643318316411510.fdash-1170464377716552_mpd_qe=R1_v.mp4,"a woman in a costume and feathers on her head, aztec yaotl warrior, aztec princess fights barbarians, jayson tatum as guerilla heroica, mayan jaguar warrior, aztec warrior goddess, mayan priestess, amazon indian peoples in brazil, aztec street fashion, aztec empress, she is dressed in shaman clothes, wearing tribal armor, shamanpunk"
3251376645494388714.jpg,"a small head on a stick with a blue background, humanoid face, face with skull mask, found in a cave made of clay, single clay museum sculpture, classical antiquities on display, ancient greek assassin mask, heads of wooden of bird face, humanoid feathered head, face made of notation, human face, creepy carved expression, clay model"
3277331700614039994.jpg,"a group of sail boats sailing in the ocean, sailboats in the water, sail boats, sailboats soaring in the wind, sailboats, sailing boats, miami beach, sail boat on the background, ships with sails, boats in the water, long beach background, shipfleet on the horizon, gofl course and swimming, ships in the harbor, atlantis in the background"
3361624252476927922.fdash-965652228120580_mpd_qe=R1_v.mp4,"a man standing in front of a tree, maya temples, mayan temple in the jungle, jungle background with ruins, mayan, ancient city ruins, white stone temple ruins, not ruins, beautiful ancient ruins behind, ancient jungle, ancient ruins behind, background is the ruins, examining ruins, ancient temple ruins, ruins in the background, temple ruins, ruins on the background"
3312947927830259766.fdash-381711361243743_mpd_qe=R1_v.mp4,"a restaurant with tables and chairs and colorful lights, vibrantly lush neon lighting, colorful neon lighting, vibrant lush neon lighting, bright saturated colors, colorful neon lights, bright neon lighting, neon lighting and spotlights, messy maximalist interior, the flamingo cafe, neon bar lights, neon standup bar, brightly lit - style atmosphere, saturated colors, vivid neon colors"
3368713582471467921_3368713574636443076.jpg,"a couple walking on the beach at sunset, mars vacation photo, tanned ameera al taweel, on the beach during sunset, beach sunset background, vacation photo, gigachad jesus, aykut aydogdu eric zener, at beach at sunset, on the beach at sunset, happy family, which shows a beach at sunset"
3333242590830833626.jpg,"a man in a white shirt, paul pepera pablo roldan, ignacio fernandez rios ”, ignacio fernández ríos, carlos samuel araya, wearing dark maritime clothing, un and michael whelan, salustiano garcia cruz, ignacio fernandez rios, roge antonio, tlaquepaque, juan sanchez cotan, pacal votan"
3285984273704817966_3285984266322787019.jpg,"a woman in a black swimsuit posing for a photo, kate upton, beautiful woman body, closed swimsuit, monokini, swimsuit, black swimsuit, bombshell, attractive feminine curves, perfect human female specimen, beautiful precise face and body, beautiful curvy female, beautiful shape of face and body, sports illustrated, perfect face and body, wearing two - piece swimsuit"
3374415382789354714_3374415369610742406.jpg,"kites flying over the ocean in miami, offshore winds, sailboats soaring in the wind, ride the wind and waves, light wind, kites, glistering, long beach background, sea breeze rises in the air, rhythm of the wind, flying in formation, fine wind, 360º, extreme sports photography, swirling scene, flying angels"
3350449450722634950.mp4.fdash-1084343242630931ad,"a group of people posing for a photo, a group of people, college party, group of people, revellers, groups of happy people, parties, industrial party, party people in background, scene from a rave, many partygoers, disco party, groups of happy humans, beach party, avan jogia angel, techno party, wonderful techno party, rave party"
3285286888724900651_3285286830138981318.jpg,"a group of women standing on top of a beach, sunny leone, women full body, cuban women in havana, dancing on a tropical beach, professional wedding photography, in wedding dresses, flowing white robes, full body portrait of a group, aruba, by Manjit Bawa, wedding photo, beautiful alluring women, award winning photo shoot, dancing on the beach"
3257012359578282865_3257012348924963107.jpg,"a blue background with a white text that reads, ' 2 ests a 2 dias ', encho enchev, canva, prana, ayahuasca, entheogen, aum, anjali mudra, on a canva, by Luis Enrique Camej, encarpus, vale encantado, ent, countdown, yoga"
3343436262579386865.fdash-777286117706949_mpd_qe=R1_v.mp4,"a woman in a green and white striped dress, jungle gown, full body green dress, twen magazine, wearing an african dress, dress made of leaves, medium - long curly brown hair, magazine photo shoot, nature goddess, wearing a dress made of vines, 3 5 year brazilian mother, (dark shorter curly hair), photo of a black woman, curly copper colored hair"
CLIPInt.py,"a man in a suit and tie with a hat on his head, ekas portal, material pack, ekasportal, by Matteo Pérez, prana, symatrical, portlet photo, vale encantado, imet2020, emtpy space, on a canva, yoga meditation pose"
3294175190542216954_3294175162122070315.jpg,"ruins at the maya site, maya temples, white stone temple ruins, ancient city ruins, ancient temple ruins, temple ruins, jungle background with ruins, ancient ruins behind, beautiful ancient ruins behind, ancient ruins and waterfalls, ancient ruins in the forest, in ancient city ruins, ancient city landscape, ancient city of white stone, standing before ancient ruins, ancient city, ruins around"
3255165125559255297.fdash-1056018558999408_mpd_qe=UNKNOWN_v.mp4,"a woman standing on the steps of a building, puerto rico, cuban setting, 30-year-old woman from cuba, dripping with color, cuba, by Olivia Peguero, aruba, cuban women in havana, vibrantly colorful, colorful backdrop, colors of jamaica, okuda sam miguel, lgbt art, full of colors"
3290336882548967501_3290336873044568069.jpg,"a black background with a white and red flower, black oled background, complete darkness background, group of people in a dark room, plain black background, solid black background, deep black background, darkmode, dark black background, solid black #000000 background, very dark room, dark screen, black flat background, dark backround, in a dark room"
3275113091896031049_3275113052687623729.jpg,"a young girl kicking a soccer ball on the beach, playing soccer on the beach, playing soccer at the beach, soccer ball against her foot, soccer player, playing soccer, soccer, soccer ball, female beach volley player, holding a ball, on a soccer field, doing a kick, beach tennis, football, beautiful stella maeve magician"
3386909297328076640.mp4.fdash-3760933627561010ad,"a large sculpture of starfishs and other sea creatures, conch shell, seashell house, varadero beach, nacre, full height sculpture, sculptures, seashells, shells, monument, nacre colors, by Seuss Dr, large stone statues of heroes, cabbage trees, monuments, town center background, shells and barnacles, obelisks"
3345350002228985920.mp4.fdash-2318297958561513ad,"two people swimming in the ocean with a sail, by Leandro Erlich, sailboats in the water, ships with sails underneath, underwater perspective, photo of the middle of the ocean, subaquatic photography, sinking underwater, sails, suspended underwater, standing on the mast, smooth eric zener cam de leon, sailboats, floating under water, sea underneath"
3368713582471467921_3368713574636375918.jpg,"a woman in a bikini posing for a picture, 30-year-old woman from cuba, spain rodriguez, brazilan supermodel, beautiful tan mexican woman, portrait of sofia vergara, fair olive skin, latina skin, tanned beauty portrait, beautiful mexican woman, brazilian, by Maud Naftel, olive skin, rack, dirty olive skin, maxim cover : :"
3264240956545498297_3264240924065974002.jpg,"a man is holding a surfboard on the beach, leonardo fioravanti, standing on surfboards, acton figure, varadero beach, jose ladronn, shark anthony, christian orrillo, cecco bravo, surfing, andres rios, surf, danilo torres, big wave surfing, style of paolo parente, david a trampier, holding a snowboard"
3284504468786426789_3284504432966905697.jpg,"a woman sitting on a bed with a white canopy, wearing leather swim suite, monokini, white high waisted swimsuit, white halter top, tall gladiator sandals, white sarong, resort, closed swimsuit, skinny girl in white boho dress, miami beach, dressed in a beautiful white, long flowing white robe, white tunic, tube-top dress"
3347706448627755760_3347706434232841680.jpg,"a night view of a baseball stadium, soccer stadium, aerial photo night vision, night lights, drone view, singapore city, nightscape, aerial spaces, neon lights in the city below, aerial viewyoji shinkawa, okinawa japan, spotlight from above, tokyo at night, japanese city at night, tokyo kowloon, gloom and lights, city at night"
3346852804395339634.jpg,"two plates of food on a wooden table, over a dish and over a table, gastronomica magazine, food focus, molecular gastronomy, plates, gastronomy magazine, cuisine, delicious food, served on a plate, pan and plates, professional food photography, hd food photography, restaurant menu photo, aji de gallina, trendy food, food. craft and adventure"
3282342200367828369.jpg,"a crowd of people at a nightclub with lights on, gaspar noe, lan mcque, amen beats jungle party, flashy red lights, red neon lights, stage at a club, blue and red lights, red neon light, red lights, dj, high red lights, “house music rave with dancers, wonderfull techno party, soft red lights"
3230904874341467301_3230904865290060321.jpg,"a basket of food on a plate, canopies, food stall, food focus, style of chippy, trendy food, food stalls, award-winning crisp details”, award - winning crisp details ”, fish seafood markets, food. craft and adventure, hd food photography, restaurant menu photo, fish market, market setting, restaurant exterior photography, food photography, gourmet and crafts"
3324673769408788717_3324673747178920486.jpg,"a woman holding a backpack and smiling, pulittzer winner, artsation contest winner, contest award winner, award winning h-512 w-512 n-6, carrying survival gear, prize winning, first place, winning award piece, graphic design contest winner, pinterest contest winner, hugo boss prize, 1 st place, 1 st winner, packaging award"
3375225322972280119.fdash-975623124008867_mpd_qe=R1_v.mp4,"a woman in a blue and white bikini, monokini, kate upton, wearing two - piece swimsuit, swimsuit, swimsuit model, closed swimsuit, wet swimsuit, bathing suit, beautiful woman body, swim suite, goddess of the ocean, sports illustrated, ben watts, fully body photo, is wearing a swimsuit, the extremely hot and sexy, supermodel body, full-figure"
3388822313720105242.jpg,"a wooden table on the beach with palm trees, aruba, beachwood treehouse, resort, balconies, beach and tropical vegetation, stairway to heaven, wooden structures, balcony, outdoor staircase, observation deck, stairways, varadero beach, overlooking the beach, picture of a loft in morning, lookout tower, elaborate latticed balconies, staircases"
3248403645367305454_3248403583694174221.jpg,"a young boy holding a pair of scissors, awe - inspiring award - winning, winning award piece, artsation contest winner, proudly holding a salmon, winning award photo, winning awards, greta thunberg smiling, holding an epee, award winner, awe-inspiring. award-winning, the second… like a calf, winner of design award, contest award winner"
3378159770525595131_3378159719170461446.jpg,"a woman in a bikini posing on the beach, victoria's secret model, metal bikini, sling bikini, supermodel body, beautiful woman body, dressed in belts bikini, shiny plastic bikini, realistic bikini, swimsuit model, victoria's secret, monokini, bikini model, wearing two - piece swimsuit, in a bikini, dressed in bikini, elegant bikini"
3232412197820342231.jpg,"a large white christmas ball with lights on it, local illumination, emitting light ornaments, symmetrical neon rim light, high quality architectural art, ultra detailed wire decoration, futuristic decoration, made of wire, symmetrical rim light, light art, large led lights, the lantern crown, elaborate geometric ornament, ornamental halo, creative lighting, volumetric outdoor lighting"
3379549205213283693.jpg,"the entrance to the jungle bar at night time, green neon signs, strong neon lighting, vibrantly lush neon lighting, with neon night spots, vibrant lush neon lighting, neon lighting and spotlights, bright neon lighting, neon signs in background, bangkok townsquare, low-key neon lighting, with neon lighting, colorful neon lighting, neon lighting"
3351927745624603542.jpg,"a boat docked in the water next to a hotel, floating buildings, docked at harbor, hdr photograph, with water and boats, promotional still wide angle, one small boat, awnings, monaco, shot on a 9.8mm wide angle lens, the image is refined with uhd, sigma 1 0 - 2 0 mm, sony 14mm f2.8"
3382420658564718973.mp4.fdash-1010935677312194ad,"a man sitting on a fountain in front of a building, greg rutkowski and mario testino, next to a tropical pool, many plants and infinite pool, a pool inside the giant palace, green oozing pool pit, slim aarons, with potted palm trees, with interior potted palm trees, kicking a florida mansion, tropical pool"
3316718278343656458_3316718197796386318.jpg,"a woman in a black and white swimsuit, alessandra ambrosio, on a yacht at sea, maxim magazine cover, sofia vergara, maxim magazine, portrait of sofia vergara, by Jerry Weiss, wearing two - piece swimsuit, carmen electra, monokini, sunset magazine, sports illustrated, maxim cover, relaxing on a yacht at sea, maxim cover : :"
3310960294141147463_3310960285677157246.jpg,"a beach with palm trees and a blue sky, beach and tropical vegetation, beach background, palm trees on the beach, paradise in the background, beach bar, tropicalism, coconut trees, background lush vegetation, coconut palms, beautiful magical palm beach, palm leaves on the beach, in a beachfront environment, varadero beach, beach on the outer rim"
3355656328695334737_3355656275126656126.jpg,"a beach with waves crashing on the sand, beautiful ocean, azure ocean, pristine rippling oceanic waves, a photo of the ocean, azure waves of water, azure blue water, blue ocean, ocean background, cresting waves and seafoam, clear seas, tropical ocean, clear blue water, ocean background setting, hawaii beach, light blue water, ocean waves"
3288509384215428061_3288509351214699485.jpg,"a man holding a surfboard on a beach, award winning h-512 w-512 n-6, contest award winner, pulittzer winner, artsation contest winner, awardwinning, awe - inspiring award - winning, carrying survival gear, a man wearing a backpack, winning award photo, award-winning style, winning award image"
3356271828547029530.jpg,"a blue background with a white text that reads tape deya, yoga, vale encantado, un dia de paz, yoga pose, yoga meditation pose, religión, yutja, by Josefina Tanganelli Plana, diseno limpio de facil lectura, by Rodolfo Escalera, on a canva, tpose"
3268158288204704859.mp4.fdash-335930249288110ad,"a person is putting a piece of cuce into a small bowl, seafood in preserved in ice, served on a plate, over a dish and over a table, citrinitas, cocktail bar, trendy food, colorful coctail, market setting, restaurant menu photo, garnish, molecular gastronomy, food focus, culinary art photography, salsa tricks"
3368713582471467921_3368713574628039861.jpg,"a man in a bathing suit is standing on a surfboard, soccer player matthijs de ligt, inspired by Adam Willaerts, inspired by Kees Maks, full body photo of steve, simon stalberg, standing on surfboards, mark van haitsma, jesus walking on water, david a trampier, gigachad muscular, johannes vemeer"
3256223553534764559.mp4.fdash-24492243657087661ad,"three girls at a nightclub, photograph of three ravers, club lighting, club photography, “house music rave with dancers, wonderful techno party, in a nightclub, techno party, scene from a rave, dance club rave, wonderfull techno party, taken in night club, young women, night clubs and neons, ultra detailled, clubs, 3 young and beautiful women"
3285286888724900651_3285286818554092531.jpg,"the ruins at tupi, maya temples, mayan temple in the jungle, stairway to heaven, ancient city ruins, pyramid surrounded with greenery, beautiful ancient ruins behind, steps 50, ancient ruins and waterfalls, white stone temple ruins, standing before ancient ruins, 400 steps, stairways, outdoor staircase, ancient pyramid, stone stairway, staircases"
3248985283227261055_3248985245344128212.jpg,"the ri ri ri ri ri ri ri ri ri ri ri ri ri ri ri ri ri ri ri ri, puerto rico, by Seuss Dr, research center, medical research facility, aruba, hd aerial photography, guantanamo bay prison, bahamas, caribbean, hospital in background, sun coast, views to the ocean, research complex, jamaica, uhd upscale"
3235358729548745295.fdash-242168252205826_mpd_qe=R1_v.mp4,"a lizard on the beach in mexico, iguana, gecko, lizard on ground, lizard pose, sunbathing at the beach, lizard, lizards, posing on the beach, is relaxing on a beach, lizard legs, posing on a beach with the ocean, relaxing on the beach, lush wildlife, lizard tail, at a tropical beach, beach background"
3301985736108222636.fdash-716574643789016_mpd_qe=R1_v.mp4,"a woman in a bikini posing on a boat, vixen, green bikini, sling bikini, jamaica, niele toroni, vsx, imaan hammam, sexy body and face, ebony, lacivious pose, with the body of a goddess, strong body, the super hot and sexy, ethiopian, fit curvy physique, green swimsuit"
3386909297328076640.fdash-1586160288607075_mpd_qe=R1_v.mp4,"a woman swimming in the ocean with a catama catama catama catama catama catama cat, by Leandro Erlich, by Eric Zener, award-winning magazine photo, clear seas, smooth eric zener cam de leon, subaquatic photography, photo of the middle of the ocean, crystal clear blue water, partly underwater, underwater view"
3373603561500232681.mp4.fdash-418960014237778ad,"a man and woman in a ham ham on a ham ham ham ham ham ham ham ham ham ham ham, singer maluma, resort, wellness pool, sol retreat, vitaly bulgarov and mike nash, tropicalism, 3 5 °, travel ad, mars vacation photo, small wellness relaxation pool, cuban setting, in a luxurious pool, tropical pool, rectangular pool"
3269322911100473380.mp4.fdash-225601147254096ad,"a boat in the ocean with a blue sky, photo of the middle of the ocean, small boat, drone photography, boats in the water, on a yacht at sea, floating on the ocean, boat, one small boat, relaxing on a yacht at sea, color aerial photo drone, drone photograph, clear seas, shot from a drone, wooden boat, sapphire waters below"
3316718278343656458_3316718270349395239.jpg,"two taco ta ta ta ta ta ta ta ta ta ta ta ta ta ta ta ta ta ta ta ta ta ta ta ta ta, tacos, taco, restaurant menu photo, mexican standoff, los angeles 2 0 1 5, mexican, food focus, award winning food photo, professional food photography, food pov, food photo, high quality food photography, food photography"
3263742165929667687.fdash-1027628901684979_mpd_qe=R1_v.mp4,"two chairs and an umbrella on the beach, beach on the outer rim, chairs, beach setting, it's is relaxing on a beach, varadero beach, relaxing on the beach, is relaxing on a beach, single chair, beautiful magical palm beach, miami beach, wicker chair, relaxing at the beach, beach background, parasols, relaxing on the beach at sunset"
3365814299819236298.fdash-7737747009579954_mpd_qe=UNKNOWN_v.mp4,"a beach with umbrellas and umbrellas on it, mexico, beach on the outer rim, sky and ocean background, beach background, beautiful beach, breath-taking beautiful beach, varadero beach, view of the ocean, clear and sunny, wide angle shot 4 k hdr, vacation photo, sunny sky background, sun rays across sky, clean blue sky, sunshafts"
3255733942489720450_3255733860961028432.jpg,"a beach with umbrellas and chairs on it, varadero beach, white sand beach, white sandy beach, beach background, beautiful magical palm beach, carribean white sand, breath-taking beautiful beach, beautiful beach, mexico, white sand, beach and tropical vegetation, beach setting, azure blue water, white beaches, tropical beach, serene beach setting"
3248985283227261055_3248985225589072907.jpg,"the beach at the hilton hotel in miami, turquoise horizon, turquoise ocean, tropical coastal city, sky and ocean background, azure blue water, azure ocean, blue ocean, view of the ocean, tropical ocean, beautiful ocean, turquoise water, clear blue water, sapphire waters below, deep blue oceans, miami beach, rich blue colors, ocean view, blue waters"
3254405706278129176.jpg,"a small, colorfully painted figure of a woman, hopi kachina, portrait of quetzalcoatl, mayan priestess, subject made of cracked clay, venus of willendorf, mixed media with claymorphism, single clay museum sculpture, clay amulets, clay model, ancient alien head stone statues, 3 d toy aztec gods as funco toy"
3234108683528511840.fdash-194682583684417_mpd_qe=R1_v.mp4,"a restaurant with tables and chairs overlooking the ocean, un restaurant avec une terrasse, restaurant exterior photography, sublime-comforting ambience, restaurant interior photography, candlelit restaurant table, commercial lighting, expensive restaurant, sublime comforting ambience, in a beachfront environment, beachwood treehouse, fancy restaurant, dynamic and atmospheric lighting, wooden tables, an opulent favela environment"
3285591224839439622_3285591142387787131.jpg,"a group of sailboats sailing in the ocean, sailboats soaring in the wind, sailboats in the water, sailboats, shipfleet on the horizon, ships with sails, sail boats, sailing boats, light wind, sails, sail, inspired by Ralph Burke Tyree, sails and masts and rigging, wooden sailboats, ships with sails underneath"
3387493559873772457.jpg,"a table with two potted plants on it, flower decorations, decorative flowers, potted plants, floral ornaments, japanese flower arrangements, well - decorated, festive atmosphere, decorations, fancily decorated flamboyant, red and white flowers, lamps and flowers, centerpiece symmetry, bouquets, flower pots, floating bouquets, elaborate floral ornament, holiday season, decoration"
3347706448627755760_3347706405123416157.jpg,"a woman doing yoga on the beach, centered full body pose, starfish pose, padmasana, yoga pose, yoga, standing athletic pose, elegant floating pose, anjali mudra, angel doing yoga in temple, meditative sacral pose, yoga meditation pose, fully body pose, marjaryasana and bitilasana, panoramic centered view of girl, very artistic pose"
3368530248697005351.fdash-420295620789508_mpd_qe=UNKNOWN_v.mp4,"a large white elephant, calavera, by Romero Britto, la catrina, okuda sam miguel, el dia los muertos, ( el dia los muertos ), rock painting, sugar skull, ( ( ( el dia los muertos ) ) ), aztec skull, ( ( dia de los muertos ) ), dia de muertos"
3369992440563228996.mp4.fdash-839707854966594ad,"a woman in a green bikini top in the ocean, beautiful woman body, sports illustrated, beautiful curvy female, green bikini, green swimsuit, big wide broad strong physique |, plus-sized, attractive feminine curves, plus size woman, perfect body shape, green body, curvy model, wet body, curvy body, emerging from the water, voluptuous, she hulk"
3337651949444061915.mp4,"the word ' s name is painted on the side of a building with a blue sky in the background, by Dave Arredondo, gigantic neon signs, by Ancell Stronach, colorful signs, beach background, vacation photo, colorful neon signs, billboard image, mexico, neon signs in background, vibrant lush neon lighting, tropicalism, logo without text, vacation"
3359992361130268151.fdash-357171684027347_mpd_qe=UNKNOWN_v.mp4,"a man with his hands up in the air, david villegas, mayan god, diego 5, brazilian ronaldo, arms held high in triumph, danilo torres, the blue panther, salvador, el capitan, andrew gonzalez, rafael, passion, showing victory, lighthearted celebration, inspired by Emerson Silva, crowd hails him, mexican warrior, celebration"
3375950495299893439.jpg,"the girls are enjoying in the ocean, women full body, beach party, woman love woman, gorgeous stella maeve magician, beautiful stella maeve magician, full body shot in bikini, beautiful alluring women, at a beach party in ibiza, miami beach, woman body, on the beach, flowing white robes, on beach, lesbians, beach background, group"
3233912099880235595_3233912076568261727.jpg,"someone ' s feet on the beach, footprints in the sand, bare feet, footprints, barefoot, standing on a beach, relaxing on the beach, is relaxing on a beach, white beaches, bare foot, carribean white sand, feet in water, sitting on the beach, white sand, barefeet, margot robbie on the beach, feet, no shoes"
3377291985282411416.mp4.fdash-1138391270542979ad,"a large star fountain in front of a building, giant terrestrial starfish!!!!!, star lines, with big starfish, varadero beach, giant star, seven stars in right hand, starport, full height sculpture, capital plaza, seven pointed pink star, magic star, town center background, michilin star, capital city, northern star at night, communist starfish"
